title;start;CES_parameters;cm_calibration_string;cm_calibration_FE;cm_bioprod_histlim;cm_biotrade_phaseout;cm_earlyreti_rate;cm_flex_tax;cm_BioSupply_Adjust_EU;BioImportTax_EU;cm_feShareLimits;cm_INNOPATHS_eni;cm_INNOPATHS_enb;cm_DiscRateScen;cm_noReboundEffect;cm_esubGrowth;cm_INNOPATHS_priceSensiBuild;cm_INNOPATHS_pushCalib;cm_INNOPATHS_reducCostB;cm_INNOPATHS_effHP;cm_INNOPATHS_LDV_mkt_share;cm_INNOPATHS_incolearn;cm_INNOPATHS_storageFactor;cm_INNOPATHS_adj_seed;cm_INNOPATHS_adj_seed_cont;cm_INNOPATHS_adj_coeff;cm_INNOPATHS_adj_coeff_cont;cm_INNOPATHS_inco0Factor;cm_INNOPATHS_CCS_markup;cm_INNOPATHS_Industry_CCS_markup;cm_INNOPATHS_renewables_floor_cost;cm_INNOPATHS_sehe_upper;cm_CCSRegiPol;c_ccsinjecratescen;cm_bioenergy_tax;c_CES_calibration_new_structure;cm_CES_calibration_default_prices;c_CES_calibration_write_prices;cm_iteration_max;regionmapping;cm_techcosts;cm_rcp_scen;cm_iterative_target_adj;c_budgetCO2;carbonprice;regipol;cm_quantity_regiCO2target;cm_implicitFE;cm_regiCO2target;cm_postTargetIncrease;cm_emiMktETS;cm_ETS_postTargetIncrease;cm_emiMktETS_type;cm_ETS_post2055Increase;cm_emiMktES;cm_emiMktES_type;cm_emiMktEScoop;cm_emiMktES2020price;cm_emiMktES2050;cm_ESD_postTargetIncrease;cm_ESD_post2055Increase;cm_NucRegiPol;cm_CoalRegiPol;cm_proNucRegiPol;cm_altFeEmiFac;cm_co2_tax_2020;climate;optimization;c_testOneRegi_region;cm_nash_mode;buildings;transport;capitalMarket;33_CDR;cm_EDGEtr_scen;CCU;c_shBioTrans;cm_shSynTrans;c_shGreenH2;cm_shSynGas;cm_altFeEmiFac;cm_co2_tax_growth;cm_emiscen;techpol;cm_multigasscen;cm_INCONV_PENALTY_bioSwitch;cm_startyear;path_gdx;path_gdx_ref;path_gdx_bau
_____DEFAULT_MODULES______;0;;;;;;;;;;;;;;;;;;;;;;;;;;;;;;;;;;;;;;;;;;;;;;;;;;;;;;;;;;;;;;;;;;;;;;;;;;;;;;;;;;;;;;;;;
_____Calibration_____;0;;;;;;;;;;;;;;;;;;;;;;;;;;;;;;;;;;;;;;;;;;;;;;;;;;;;;;;;;;;;;;;;;;;;;;;;;;;;;;;;;;;;;;;;;
Calib_FE_INNOPATHS_low;0;calibrate;INNO_FE_low;low;-1;0;0.15;0;2;0.5;efficiency;off;off;1;0;middle;-3;none;none;5;off;off;off;off;off;off;off;off;off;off;off;off;2020;1;1.5;0;0;0;0;./config/21_regions_EU11/regionmapping_21_EU11.csv;REG;none;0;0;none;regiCarbonPrice;off;off;off;2;off;2;off;2;off;off;off;off;off;off;off;on;on;off;EUR_regi, NEU_regi;-1;off;nash;DEU;parallel;simple;complex;debt_limit;off;ConvCaseWise;off;1;0;0;0;EUR_regi, NEU_regi;1.05;1;none;2;on;2005;./config/21_regions_EU11/input_EU11_INNOPATHS_lowFE.gdx;;
Calib_FE_INNOPATHS_med;0;calibrate;INNO_FE_med;medium;-1;0;0.15;0;2;0.5;off;off;off;1;0;middle;-3;none;none;5;off;off;off;off;off;off;off;off;off;off;off;off;2020;1;1.5;0;0;0;0;./config/21_regions_EU11/regionmapping_21_EU11.csv;REG;none;0;0;none;regiCarbonPrice;off;off;off;2;off;2;off;2;off;off;off;off;off;off;off;on;on;off;EUR_regi, NEU_regi;-1;off;nash;DEU;parallel;simple;complex;debt_limit;off;ConvCase;off;1;0;0;0;EUR_regi, NEU_regi;1.05;1;none;2;on;2005;./config/21_regions_EU11/input_EU11_INNOPATHS_medFE.gdx;;
Calib_FE_INNOPATHS_med_highElast;0;calibrate;INNO_FE_med_highElast;medium;-1;0;0.15;0;2;0.5;electric;1.5;1.5;1;0;middle;-3;none;none;5;off;off;off;off;off;off;off;off;off;off;off;off;2020;1;1.5;0;0;0;0;./config/21_regions_EU11/regionmapping_21_EU11.csv;REG;none;0;0;none;regiCarbonPrice;off;off;off;2;off;2;off;2;off;off;off;off;off;off;off;on;on;off;EUR_regi, NEU_regi;-1;off;nash;DEU;parallel;simple;complex;debt_limit;off;ConvCase;off;1;0;0;0;EUR_regi, NEU_regi;1.05;1;none;2;on;2005;./config/21_regions_EU11/input_EU11_INNOPATHS_medFE_highElast.gdx;;
Calib_FE_INNOPATHS_med_lowElast;0;calibrate;INNO_FE_med_lowElast;medium;-1;0;0.15;0;2;0.5;incumbents;0.33;0.33;1;0;middle;-3;none;none;5;off;off;off;off;off;off;off;off;off;off;off;off;2020;1;1.5;0;0;0;0;./config/21_regions_EU11/regionmapping_21_EU11.csv;REG;none;0;0;none;regiCarbonPrice;off;off;off;2;off;2;off;2;off;off;off;off;off;off;off;on;on;off;EUR_regi, NEU_regi;-1;off;nash;DEU;parallel;simple;complex;debt_limit;off;ConvCase;off;1;0;0;0;EUR_regi, NEU_regi;1.05;1;none;2;on;2005;./config/21_regions_EU11/input_EU11_INNOPATHS_medFE_lowElast.gdx;;
_____New_Players_____;0;;;;;;;;;;;;;;;;;;;;;;;;;;;;;;;;;;;;;;;;;;;;;;;;;;;;;;;;;;;;;;;;;;;;;;;;;;;;;;;;;;;;;;;;;
NewPl_Ref;0;load;INNO_FE_med_highElast;off;1.2;1;0.15;0;2;0.5;electric;1.5;1.5;1;0;middle;-3;none;none;5;apCarElT.upper 90,apCarH2T.upper 100,apCarPeT.lower 0;apcarelt 17000,wind 1600,spv 5160,csp 9500;0.66;tnrs 0.0625,csp 1,spv 8,gasftrec 0.0625,gasftcrec 0.0625,coalftrec 0.0625,apCarH2T 4,apCarElT 4,apCarDiEffT 2,apCarDiEffH2T 2;dac 0.0625,ngccc 0.0625,gash2c 0.0625,igccc 0.0625,pcc 0.0625,pco 0.0625,coalftcrec 0.0625,coalh2c 0.0625,bioigccc 0.0625,bioftcrec 0.0625,bioh2c 0.0625;tnrs 2,gasftrec 0.8,gasftcrec 1.6,coalftrec 1.2,spv 0.05,wind 0.05,dac 1.6,apCarH2T 0.25,apCarElT 0.25,apCarDiEffT 0.5,apCarDiEffH2T 0.5;gridspv 0.5,gridcsp 0.5,gridwind 0.5,storspv 0.025,storwind 0.025,storcsp 0.025,ngccc 2,gash2c 2,igccc 2,pcc 2,pco 2,coalftcrec 2,coalh2c 2,bioftcrec 2,bioh2c 2,bioigccc 2;off;1.5;3;off;off;2035;1;1.5;0;0;0;1;./config/21_regions_EU11/regionmapping_21_EU11.csv;REG;none;0;0;none;regiCarbonPrice;off;off;off;2;off;2;off;2;off;off;off;off;off;off;off;on;on;off;EUR_regi, NEU_regi;-1;off;nash;DEU;parallel;simple;complex;debt_limit;off;ConvCase;off;0.05;0;0;0;EUR_regi, NEU_regi;1.05;1;none;2;on;2005;./config/21_regions_EU11/input_EU11_INNOPATHS_medFE_highElast.gdx;;
NewPl_Weak;0;load;INNO_FE_med_highElast;off;1.2;1;0.15;0;2;0.5;electric;1.5;1.5;1;0;middle;-3;none;none;5;apCarElT.upper 90,apCarH2T.upper 100,apCarPeT.lower 0;apcarelt 17000,wind 1600,spv 5160,csp 9500;0.66;tnrs 0.0625,csp 1,spv 8,gasftrec 0.0625,gasftcrec 0.0625,coalftrec 0.0625,apCarH2T 4,apCarElT 4,apCarDiEffT 2,apCarDiEffH2T 2;dac 0.0625,ngccc 0.0625,gash2c 0.0625,igccc 0.0625,pcc 0.0625,pco 0.0625,coalftcrec 0.0625,coalh2c 0.0625,bioigccc 0.0625,bioftcrec 0.0625,bioh2c 0.0625;tnrs 2,gasftrec 0.8,gasftcrec 1.6,coalftrec 1.2,spv 0.05,wind 0.05,dac 1.6,apCarH2T 0.25,apCarElT 0.25,apCarDiEffT 0.5,apCarDiEffH2T 0.6;gridspv 0.5,gridcsp 0.5,gridwind 0.5,storspv 0.025,storwind 0.025,storcsp 0.025,ngccc 2,gash2c 2,igccc 2,pcc 2,pco 2,coalftcrec 2,coalh2c 2,bioftcrec 2,bioh2c 2,bioigccc 2;off;1.5;3;off;off;2035;1;1.5;0;0;0;1;./config/21_regions_EU11/regionmapping_21_EU11.csv;REG;rcp26;5;1300;expoLinear;regiCarbonPrice;off;off;2050.EUR_regi.budget.netCO2 82;2;off;2;off;2;off;off;off;off;off;off;off;on;on;off;EUR_regi, NEU_regi;30;off;nash;DEU;parallel;simple;complex;debt_limit;DAC;ElecEra;on;0.05;0;0;0;EUR_regi, NEU_regi;1.05;9;none;2;on;2025;./config/21_regions_EU11/input_EU11_INNOPATHS_medFE_highElast.gdx;NewPl_Ref;NewPl_Ref
NewPl_min80;0;load;INNO_FE_med_highElast;off;1.2;1;0.15;0;2;0.5;electric;1.5;1.5;1;0;middle;-3;none;none;5;apCarElT.upper 90,apCarH2T.upper 100,apCarPeT.lower 0;apcarelt 17000,wind 1600,spv 5160,csp 9500;0.66;tnrs 0.0625,csp 1,spv 8,gasftrec 0.0625,gasftcrec 0.0625,coalftrec 0.0625,apCarH2T 4,apCarElT 4,apCarDiEffT 2,apCarDiEffH2T 2;dac 0.0625,ngccc 0.0625,gash2c 0.0625,igccc 0.0625,pcc 0.0625,pco 0.0625,coalftcrec 0.0625,coalh2c 0.0625,bioigccc 0.0625,bioftcrec 0.0625,bioh2c 0.0625;tnrs 2,gasftrec 0.8,gasftcrec 1.6,coalftrec 1.2,spv 0.05,wind 0.05,dac 1.6,apCarH2T 0.25,apCarElT 0.25,apCarDiEffT 0.5,apCarDiEffH2T 0.7;gridspv 0.5,gridcsp 0.5,gridwind 0.5,storspv 0.025,storwind 0.025,storcsp 0.025,ngccc 2,gash2c 2,igccc 2,pcc 2,pco 2,coalftcrec 2,coalh2c 2,bioftcrec 2,bioh2c 2,bioigccc 3;off;1.5;3;off;off;2035;1;1.5;0;0;0;1;./config/21_regions_EU11/regionmapping_21_EU11.csv;REG;rcp26;5;950;expoLinear;regiCarbonPrice;off;off;2050.EUR_regi.budget.netCO2 57;2;off;2;off;2;off;off;off;off;off;off;off;on;on;off;EUR_regi, NEU_regi;30;off;nash;DEU;parallel;simple;complex;debt_limit;DAC;ElecEra;on;0.05;0;0;0;EUR_regi, NEU_regi;1.05;9;none;2;on;2025;./config/21_regions_EU11/input_EU11_INNOPATHS_medFE_highElast.gdx;NewPl_Ref;NewPl_Ref
NewPl_1p5;0;load;INNO_FE_med_highElast;off;1.2;1;0.15;0;2;0.5;electric;1.5;1.5;1;0;middle;-3;none;none;5;apCarElT.upper 90,apCarH2T.upper 100,apCarPeT.lower 1;apcarelt 17000,wind 1600,spv 5160,csp 9500;0.66;tnrs 0.0625,csp 1,spv 8,gasftrec 0.0625,gasftcrec 0.0625,coalftrec 0.0625,apCarH2T 4,apCarElT 4,apCarDiEffT 2,apCarDiEffH2T 2;dac 0.0625,ngccc 0.0625,gash2c 0.0625,igccc 0.0625,pcc 0.0625,pco 0.0625,coalftcrec 0.0625,coalh2c 0.0625,bioigccc 0.0625,bioftcrec 0.0625,bioh2c 0.0625;tnrs 2,gasftrec 0.8,gasftcrec 1.6,coalftrec 1.2,spv 0.05,wind 0.05,dac 1.6,apCarH2T 0.25,apCarElT 0.25,apCarDiEffT 0.5,apCarDiEffH2T 0.8;gridspv 0.5,gridcsp 0.5,gridwind 0.5,storspv 0.025,storwind 0.025,storcsp 0.025,ngccc 2,gash2c 2,igccc 2,pcc 2,pco 2,coalftcrec 2,coalh2c 2,bioftcrec 2,bioh2c 2,bioigccc 4;off;1.5;3;off;off;2035;1;1.5;0;0;0;1;./config/21_regions_EU11/regionmapping_21_EU11.csv;REG;rcp20;5;600;expoLinear;regiCarbonPrice;off;off;2050.EUR_regi.budget.netCO2 43;2;off;2;off;2;off;off;off;off;off;off;off;on;on;off;EUR_regi, NEU_regi;30;off;nash;DEU;parallel;simple;complex;debt_limit;DAC;ElecEra;on;0.05;0;0;0;EUR_regi, NEU_regi;1.05;9;none;2;on;2025;./config/21_regions_EU11/input_EU11_INNOPATHS_medFE_highElast.gdx;NewPl_Ref;NewPl_Ref
_____Incumbents_____;0;;;;;;;;;;;;;;;;;;;;;;;;;;;;;;;;;;;;;;;;;;;;;;;;;;;;;;;;;;;;;;;;;;;;;;;;;;;;;;;;;;;;;;;;;
Incumb_Ref;0;load;INNO_FE_med_lowElast;off;1.2;1;0.15;0;2;0.25;incumbents;0.33;0.33;1;0;middle;-3;none;none;5;apCarElT.upper 55 ;off;off;tnrs 1,gasftrec 1,gasftcrec 1,coalftrec 1,coalftcrec 1,apCarH2T 0.25,apCarElT 0.25,apCarDiEffT 0.125,apCarDiEffH2T 0.125,dac 1,ngccc 1,gash2c 1,igccc 1,pcc 1,pco 1,coalh2c 1,bioigccc 1,bioftcrec 1,bioh2c 1;off;tnrs 0.5,gasftrec 0.2,gasftcrec 0.4,coalftrec 0.3,coalftcrec 0.5,spv 0.2,wind 0.2,dac 0.4,apCarH2T 2,apCarElT 0.5,apCarDiEffT 4,apCarDiEffH2T 4;gridspv 2,gridcsp 2,gridwind 2,storspv 0.1,storwind 0.1,storcsp 0.1,ngccc 0.5,gash2c 0.5,igccc 0.5,pcc 0.5,pco 0.5,coalh2c 0.5,bioftcrec 0.5,bioh2c 0.5,bioigccc 0.5;bioigccc 0.66,bioh2c 0.66,biogas 0.66,bioftrec 0.66,bioftcrec 0.66,igccc 0.66,coalh2c 0.66,coalgas 0.66,coalftrec 0.66,coalftcrec 0.66,ngccc 0.66,gash2c 0.66,gasftrec 0.66,gasftcrec 0.66,tnrs 0.66, geohe 2;off;off;spv 0.1,wind 0.3;off;2020;3;2.5;0;0;0;1;./config/21_regions_EU11/regionmapping_21_EU11.csv;REG;none;0;0;none;regiCarbonPrice;off;off;off;2;off;2;off;2;off;off;off;off;off;off;off;on;on;on;EUR_regi, NEU_regi;-1;off;nash;DEU;parallel;simple;complex;debt_limit;off;ConvCase;off;0.05;0;0;0;EUR_regi, NEU_regi;1.05;1;none;2;on;2005;./config/21_regions_EU11/input_EU11_INNOPATHS_medFE_lowElast.gdx;;
Incumb_Weak;0;load;INNO_FE_med_lowElast;off;1.2;1;0.15;0;2;0.25;incumbents;0.33;0.33;1;0;middle;-3;none;none;5;apCarElT.upper 55 ;off;off;tnrs 1,gasftrec 1,gasftcrec 1,coalftrec 1,coalftcrec 1,apCarH2T 0.25,apCarElT 0.25,apCarDiEffT 0.125,apCarDiEffH2T 0.125,dac 1,ngccc 1,gash2c 1,igccc 1,pcc 1,pco 1,coalh2c 1,bioigccc 1,bioftcrec 1,bioh2c 1;off;tnrs 0.5,gasftrec 0.2,gasftcrec 0.4,coalftrec 0.3,coalftcrec 0.5,spv 0.2,wind 0.2,dac 0.4,apCarH2T 2,apCarElT 0.5,apCarDiEffT 4,apCarDiEffH2T 4;gridspv 2,gridcsp 2,gridwind 2,storspv 0.1,storwind 0.1,storcsp 0.1,ngccc 0.5,gash2c 0.5,igccc 0.5,pcc 0.5,pco 0.5,coalh2c 0.5,bioftcrec 0.5,bioh2c 0.5,bioigccc 0.5;bioigccc 0.66,bioh2c 0.66,biogas 0.66,bioftrec 0.66,bioftcrec 0.66,igccc 0.66,coalh2c 0.66,coalgas 0.66,coalftrec 0.66,coalftcrec 0.66,ngccc 0.66,gash2c 0.66,gasftrec 0.66,gasftcrec 0.66,tnrs 0.66, geohe 2;off;off;spv 0.1,wind 0.3;off;2020;3;2.5;0;0;0;1;./config/21_regions_EU11/regionmapping_21_EU11.csv;REG;rcp26;5;1300;expoLinear;regiCarbonPrice;off;off;2050.EUR_regi.budget.netCO2 82;2;off;2;off;2;off;off;off;off;off;off;off;on;on;on;EUR_regi, NEU_regi;30;off;nash;DEU;parallel;simple;complex;debt_limit;DAC;HydrHype;on;0.05;0.2;0.95;0;EUR_regi, NEU_regi;1.05;9;none;2;on;2025;./config/21_regions_EU11/input_EU11_INNOPATHS_medFE_lowElast.gdx;Incumb_Ref;Incumb_Ref
Incumb_min80;0;load;INNO_FE_med_lowElast;off;1.2;1;0.15;0;2;0.25;incumbents;0.33;0.33;1;0;middle;-3;none;none;5;apCarElT.upper 55 ;off;off;tnrs 1,gasftrec 1,gasftcrec 1,coalftrec 1,coalftcrec 1,apCarH2T 0.25,apCarElT 0.25,apCarDiEffT 0.125,apCarDiEffH2T 0.125,dac 1,ngccc 1,gash2c 1,igccc 1,pcc 1,pco 1,coalh2c 1,bioigccc 1,bioftcrec 1,bioh2c 1;off;tnrs 0.5,gasftrec 0.2,gasftcrec 0.4,coalftrec 0.3,coalftcrec 0.5,spv 0.2,wind 0.2,dac 0.4,apCarH2T 2,apCarElT 0.5,apCarDiEffT 4,apCarDiEffH2T 4;gridspv 2,gridcsp 2,gridwind 2,storspv 0.1,storwind 0.1,storcsp 0.1,ngccc 0.5,gash2c 0.5,igccc 0.5,pcc 0.5,pco 0.5,coalh2c 0.5,bioftcrec 0.5,bioh2c 0.5,bioigccc 0.6;bioigccc 0.66,bioh2c 0.66,biogas 0.66,bioftrec 0.66,bioftcrec 0.66,igccc 0.66,coalh2c 0.66,coalgas 0.66,coalftrec 0.66,coalftcrec 0.66,ngccc 0.66,gash2c 0.66,gasftrec 0.66,gasftcrec 0.66,tnrs 0.66, geohe 2;off;off;spv 0.1,wind 0.4;off;2020;3;2.5;0;0;0;1;./config/21_regions_EU11/regionmapping_21_EU11.csv;REG;rcp26;5;950;expoLinear;regiCarbonPrice;off;off;2050.EUR_regi.budget.netCO2 57;2;off;2;off;2;off;off;off;off;off;off;off;on;on;on;EUR_regi, NEU_regi;30;off;nash;DEU;parallel;simple;complex;debt_limit;DAC;HydrHype;on;0.05;0.2;0.95;0;EUR_regi, NEU_regi;1.05;9;none;2;on;2025;./config/21_regions_EU11/input_EU11_INNOPATHS_medFE_lowElast.gdx;Incumb_Ref;Incumb_Ref
Incumb_1p5;0;load;INNO_FE_med_lowElast;off;1.2;1;0.15;0;2;0.25;incumbents;0.33;0.33;1;0;middle;-3;none;none;5;apCarElT.upper 55 ;off;off;tnrs 1,gasftrec 1,gasftcrec 1,coalftrec 1,coalftcrec 1,apCarH2T 0.25,apCarElT 0.25,apCarDiEffT 0.125,apCarDiEffH2T 0.125,dac 1,ngccc 1,gash2c 1,igccc 1,pcc 1,pco 1,coalh2c 1,bioigccc 1,bioftcrec 1,bioh2c 1;off;tnrs 0.5,gasftrec 0.2,gasftcrec 0.4,coalftrec 0.3,coalftcrec 0.5,spv 0.2,wind 0.2,dac 0.4,apCarH2T 2,apCarElT 0.5,apCarDiEffT 4,apCarDiEffH2T 4;gridspv 2,gridcsp 2,gridwind 2,storspv 0.1,storwind 0.1,storcsp 0.1,ngccc 0.5,gash2c 0.5,igccc 0.5,pcc 0.5,pco 0.5,coalh2c 0.5,bioftcrec 0.5,bioh2c 0.5,bioigccc 0.7;bioigccc 0.66,bioh2c 0.66,biogas 0.66,bioftrec 0.66,bioftcrec 0.66,igccc 0.66,coalh2c 0.66,coalgas 0.66,coalftrec 0.66,coalftcrec 0.66,ngccc 0.66,gash2c 0.66,gasftrec 0.66,gasftcrec 0.66,tnrs 0.66, geohe 2;off;off;spv 0.1,wind 0.5;off;2020;3;2.5;0;0;0;1;./config/21_regions_EU11/regionmapping_21_EU11.csv;REG;rcp20;5;600;expoLinear;regiCarbonPrice;off;off;2050.EUR_regi.budget.netCO2 43;2;off;2;off;2;off;off;off;off;off;off;off;on;on;on;EUR_regi, NEU_regi;30;off;nash;DEU;parallel;simple;complex;debt_limit;DAC;HydrHype;on;0.05;0.2;0.95;0;EUR_regi, NEU_regi;1.05;9;none;2;on;2025;./config/21_regions_EU11/input_EU11_INNOPATHS_medFE_lowElast.gdx;Incumb_Ref;Incumb_Ref
_____Efficiency_____;0;;;;;;;;;;;;;;;;;;;;;;;;;;;;;;;;;;;;;;;;;;;;;;;;;;;;;;;;;;;;;;;;;;;;;;;;;;;;;;;;;;;;;;;;;
Eff_Ref;0;load;INNO_FE_low;off;1.2;1;0.15;0;2;0.5;efficiency;off;off;1;0;middle;-3;none;none;5;off;off;off;ngccc 0.0625,gash2c 0.0625,igccc 0.0625,pcc 0.0625,pco 0.0625,gasftcrec 0.0625,bioigccc 0.0625,bioftcrec 0.0625,bioh2c 0.0625;off;"ngccc 2,gash2c 2,igccc 2,pcc 2,pco 2,gasftcrec 1.6,bioigccc 2,bioftcrec 2,bioh2c 2
";off;off;off;3;off;off;2030;1;1.5;0;0;0;1;./config/21_regions_EU11/regionmapping_21_EU11.csv;REG;none;0;0;none;regiCarbonPrice;off;exoTax;off;2;off;2;off;2;off;off;off;off;off;off;off;on;on;off;EUR_regi, NEU_regi;-1;off;nash;DEU;parallel;simple;complex;debt_limit;off;ConvCase;off;0.05;0;0;0;EUR_regi, NEU_regi;1.05;1;none;2;on;2005;./config/21_regions_EU11/input_EU11_INNOPATHS_lowFE.gdx;;
Eff_Weak;0;load;INNO_FE_low;off;1.2;1;0.15;0;2;0.5;efficiency;off;off;1;0;middle;-3;none;none;5;off;off;off;ngccc 0.0625,gash2c 0.0625,igccc 0.0625,pcc 0.0625,pco 0.0625,gasftcrec 0.0625,bioigccc 0.0625,bioftcrec 0.0625,bioh2c 0.0625;off;ngccc 2,gash2c 2,igccc 2,pcc 2,pco 2,gasftcrec 1.6,bioigccc 2,bioftcrec 2,bioh2c 2;off;off;off;3;off;off;2030;1;1.5;0;0;0;1;./config/21_regions_EU11/regionmapping_21_EU11.csv;REG;rcp26;5;1300;expoLinear;regiCarbonPrice;off;exoTax;2050.EUR_regi.budget.netCO2 82;2;off;2;off;2;off;off;off;off;off;off;off;on;on;off;EUR_regi, NEU_regi;30;off;nash;DEU;parallel;simple;complex;debt_limit;DAC;ElecEraWise;on;0.05;0;0;0;EUR_regi, NEU_regi;1.05;9;none;2;on;2025;./config/21_regions_EU11/input_EU11_INNOPATHS_lowFE.gdx;Eff_Ref;Eff_Ref
Eff_min80;0;load;INNO_FE_low;off;1.2;1;0.15;0;2;0.5;efficiency;off;off;1;0;middle;-3;none;none;5;off;off;off;ngccc 0.0625,gash2c 0.0625,igccc 0.0625,pcc 0.0625,pco 0.0625,gasftcrec 0.0625,bioigccc 0.0625,bioftcrec 0.0625,bioh2c 0.0625;off;ngccc 2,gash2c 2,igccc 2,pcc 2,pco 2,gasftcrec 1.6,bioigccc 2,bioftcrec 2,bioh2c 2;off;off;off;3;off;off;2030;1;1.5;0;0;0;1;./config/21_regions_EU11/regionmapping_21_EU11.csv;REG;rcp26;5;950;expoLinear;regiCarbonPrice;off;exoTax;2050.EUR_regi.budget.netCO2 57;2;off;2;off;2;off;off;off;off;off;off;off;on;on;off;EUR_regi, NEU_regi;30;off;nash;DEU;parallel;simple;complex;debt_limit;DAC;ElecEraWise;on;0.05;0;0;0;EUR_regi, NEU_regi;1.05;9;none;2;on;2025;./config/21_regions_EU11/input_EU11_INNOPATHS_lowFE.gdx;Eff_Ref;Eff_Ref
Eff_1p5;0;load;INNO_FE_low;off;1.2;1;0.15;0;2;0.5;efficiency;off;off;1;0;middle;-3;none;none;5;off;off;off;ngccc 0.0625,gash2c 0.0625,igccc 0.0625,pcc 0.0625,pco 0.0625,gasftcrec 0.0625,bioigccc 0.0625,bioftcrec 0.0625,bioh2c 0.0625;off;ngccc 2,gash2c 2,igccc 2,pcc 2,pco 2,gasftcrec 1.6,bioigccc 2,bioftcrec 2,bioh2c 2;off;off;off;3;off;off;2030;1;1.5;0;0;0;1;./config/21_regions_EU11/regionmapping_21_EU11.csv;REG;rcp20;5;600;expoLinear;regiCarbonPrice;off;exoTax;2050.EUR_regi.budget.netCO2 43;2;off;2;off;2;off;off;off;off;off;off;off;on;on;off;EUR_regi, NEU_regi;30;off;nash;DEU;parallel;simple;complex;debt_limit;DAC;ElecEraWise;on;0.05;0;0;0;EUR_regi, NEU_regi;1.05;9;none;2;on;2025;./config/21_regions_EU11/input_EU11_INNOPATHS_lowFE.gdx;Eff_Ref;Eff_Ref
_____BUILDINGS_PUTTY_______;0;;;;;;;;;;;;;;;;;;;;;;;;;;;;;;;;;;;;;;;;;;;;;;;;;;;;;;;;;;;;;;;;;;;;;;;;;;;;;;;;;;;;;;;;;
_____Calibration_build_____;0;;;;;;;;;;;;;;;;;;;;;;;;;;;;;;;;;;;;;;;;;;;;;;;;;;;;;;;;;;;;;;;;;;;;;;;;;;;;;;;;;;;;;;;;;
Calib_FE_INNOPATHS_low_build;0;calibrate;INNO_FE_low;low;1.2;1;0.15;0;2;0.5;efficiency;off;off;1;0;high;-3;none;none;7;off;off;off;off;off;off;off;off;off;off;off;off;2020;1;1.5;0;0;0;0;./config/21_regions_EU11/regionmapping_21_EU11.csv;REG;none;0;0;none;regiCarbonPrice;off;off;off;2;off;2;off;2;off;off;off;off;off;off;off;on;on;off;EUR_regi, NEU_regi;-1;off;nash;DEU;parallel;services_putty;complex;debt_limit;off;ConvCaseWise;off;1;0;0;0;EUR_regi, NEU_regi;1.05;1;none;2;on;2005;/p/tmp/levesque/Remind/Remind_EU/output/calib_putty_2020-05-05_14.52.52/fulldata.gdx;;
Calib_FE_INNOPATHS_med_build;0;calibrate;INNO_FE_med;medium;1.2;1;0.15;0;2;0.5;off;off;off;1;0;middle;-3;none;none;5;off;off;off;off;off;off;off;off;off;off;off;off;2020;1;1.5;0;0;0;0;./config/21_regions_EU11/regionmapping_21_EU11.csv;REG;none;0;0;none;regiCarbonPrice;off;off;off;2;off;2;off;2;off;off;off;off;off;off;off;on;on;off;EUR_regi, NEU_regi;-1;off;nash;DEU;parallel;services_putty;complex;debt_limit;DAC;ConvCase;off;1;0;0;0;EUR_regi, NEU_regi;1.05;1;none;2;on;2005;/p/tmp/levesque/Remind/Remind_EU/output/calib_putty_2020-05-05_14.52.52/fulldata.gdx;;
Calib_FE_INNOPATHS_med_highElast_build;0;calibrate;INNO_FE_med_highElast;medium;1.2;1;0.15;0;2;0.5;electric;1.5;off;1;0;middle;-4;none;none;6;off;off;off;off;off;off;off;off;off;off;off;off;2020;1;1.5;0;0;0;0;./config/21_regions_EU11/regionmapping_21_EU11.csv;REG;none;0;0;none;regiCarbonPrice;off;off;off;2;off;2;off;2;off;off;off;off;off;off;off;on;on;off;EUR_regi, NEU_regi;-1;off;nash;DEU;parallel;services_putty;complex;debt_limit;DAC;ConvCase;off;1;0;0;0;EUR_regi, NEU_regi;1.05;1;none;2;on;2005;/p/tmp/levesque/Remind/Remind_EU/output/calib_putty_2020-05-05_14.52.52/fulldata.gdx;;
Calib_FE_INNOPATHS_med_lowElast_build;0;calibrate;INNO_FE_med_lowElast;medium;1.2;1;0.15;0;2;0.5;incumbents;0.33;off;1;0;low;-2;none;none;5;off;off;off;off;off;off;off;off;off;off;off;off;2020;1;1.5;0;0;0;0;./config/21_regions_EU11/regionmapping_21_EU11.csv;REG;none;0;0;none;regiCarbonPrice;off;off;off;2;off;2;off;2;off;off;off;off;off;off;off;on;on;off;EUR_regi, NEU_regi;-1;off;nash;DEU;parallel;services_putty;complex;debt_limit;DAC;ConvCase;off;1;0;0;0;EUR_regi, NEU_regi;1.05;1;none;2;on;2005;/p/tmp/levesque/Remind/Remind_EU/output/calib_putty_2020-05-05_14.52.52/fulldata.gdx;;
_____New_Players_build_____;0;;;;;;;;;;;;;;;;;;;;;;;;;;;;;;;;;;;;;;;;;;;;;;;;;;;;;;;;;;;;;;;;;;;;;;;;;;;;;;;;;;;;;;;;;
NewPl_Ref_build;0;load;INNO_FE_med_highElast;off;1.2;1;0.15;0;2;0.5;electric;1.5;1.5;1;0;middle;-4;none;none;6;apCarElT.upper 90,apCarH2T.upper 100,apCarPeT.lower 0;apcarelt 17000,wind 1600,spv 5160,csp 9500;0.66;tnrs 0.0625,csp 1,spv 8,gasftrec 0.0625,gasftcrec 0.0625,coalftrec 0.0625,apCarH2T 4,apCarElT 4,apCarDiEffT 2,apCarDiEffH2T 2;dac 0.0625,ngccc 0.0625,gash2c 0.0625,igccc 0.0625,pcc 0.0625,pco 0.0625,coalftcrec 0.0625,coalh2c 0.0625,bioigccc 0.0625,bioftcrec 0.0625,bioh2c 0.0625;tnrs 2,gasftrec 0.8,gasftcrec 1.6,coalftrec 1.2,spv 0.05,wind 0.05,dac 1.6,apCarH2T 0.25,apCarElT 0.25,apCarDiEffT 0.5,apCarDiEffH2T 0.5;gridspv 0.5,gridcsp 0.5,gridwind 0.5,storspv 0.025,storwind 0.025,storcsp 0.025,ngccc 2,gash2c 2,igccc 2,pcc 2,pco 2,coalftcrec 2,coalh2c 2,bioftcrec 2,bioh2c 2,bioigccc 2;off;1.5;3;off;off;2035;1;1.5;0;0;0;1;./config/21_regions_EU11/regionmapping_21_EU11.csv;REG;none;0;0;none;regiCarbonPrice;off;off;off;2;off;2;off;2;off;off;off;off;off;off;off;on;on;off;EUR_regi, NEU_regi;-1;off;nash;DEU;parallel;services_putty;complex;debt_limit;off;ConvCase;on;0.05;0;0;0;EUR_regi, NEU_regi;1.05;1;none;2;on;2005;/p/tmp/levesque/Remind/Remind_EU/output/calib_putty_2020-05-05_14.52.52/fulldata.gdx;;
NewPl_Weak_build;0;load;INNO_FE_med_highElast;off;1.2;1;0.15;0;2;0.5;electric;1.5;1.5;3;0;middle;-4;none;heatpumps;6;apCarElT.upper 90,apCarH2T.upper 100,apCarPeT.lower 0;apcarelt 17000,wind 1600,spv 5160,csp 9500;0.66;tnrs 0.0625,csp 1,spv 8,gasftrec 0.0625,gasftcrec 0.0625,coalftrec 0.0625,apCarH2T 4,apCarElT 4,apCarDiEffT 2,apCarDiEffH2T 2;dac 0.0625,ngccc 0.0625,gash2c 0.0625,igccc 0.0625,pcc 0.0625,pco 0.0625,coalftcrec 0.0625,coalh2c 0.0625,bioigccc 0.0625,bioftcrec 0.0625,bioh2c 0.0625;tnrs 2,gasftrec 0.8,gasftcrec 1.6,coalftrec 1.2,spv 0.05,wind 0.05,dac 1.6,apCarH2T 0.25,apCarElT 0.25,apCarDiEffT 0.5,apCarDiEffH2T 0.6;gridspv 0.5,gridcsp 0.5,gridwind 0.5,storspv 0.025,storwind 0.025,storcsp 0.025,ngccc 2,gash2c 2,igccc 2,pcc 2,pco 2,coalftcrec 2,coalh2c 2,bioftcrec 2,bioh2c 2,bioigccc 2;off;1.5;3;off;off;2035;1;1.5;0;0;0;1;./config/21_regions_EU11/regionmapping_21_EU11.csv;REG;rcp26;5;1300;expoLinear;regiCarbonPrice;off;off;2050.EUR_regi.budget.netCO2 82;2;off;2;off;2;off;off;off;off;off;off;off;on;on;off;EUR_regi, NEU_regi;30;off;nash;DEU;parallel;services_putty;complex;debt_limit;DAC;ElecEra;on;0.05;0;0;0;EUR_regi, NEU_regi;1.05;9;NDC2018;2;on;2025;./config/21_regions_EU11/input_EU11_INNOPATHS_medFE_highElast.gdx;NewPl_Ref_build;NewPl_Ref_build
NewPl_min80_build;0;load;INNO_FE_med_highElast;off;1.2;1;0.15;0;2;0.5;electric;1.5;1.5;3;0;middle;-4;none;heatpumps;6;apCarElT.upper 90,apCarH2T.upper 100,apCarPeT.lower 0;apcarelt 17000,wind 1600,spv 5160,csp 9500;0.66;tnrs 0.0625,csp 1,spv 8,gasftrec 0.0625,gasftcrec 0.0625,coalftrec 0.0625,apCarH2T 4,apCarElT 4,apCarDiEffT 2,apCarDiEffH2T 2;dac 0.0625,ngccc 0.0625,gash2c 0.0625,igccc 0.0625,pcc 0.0625,pco 0.0625,coalftcrec 0.0625,coalh2c 0.0625,bioigccc 0.0625,bioftcrec 0.0625,bioh2c 0.0625;tnrs 2,gasftrec 0.8,gasftcrec 1.6,coalftrec 1.2,spv 0.05,wind 0.05,dac 1.6,apCarH2T 0.25,apCarElT 0.25,apCarDiEffT 0.5,apCarDiEffH2T 0.7;gridspv 0.5,gridcsp 0.5,gridwind 0.5,storspv 0.025,storwind 0.025,storcsp 0.025,ngccc 2,gash2c 2,igccc 2,pcc 2,pco 2,coalftcrec 2,coalh2c 2,bioftcrec 2,bioh2c 2,bioigccc 3;off;1.5;3;off;off;2035;1;1.5;0;0;0;1;./config/21_regions_EU11/regionmapping_21_EU11.csv;REG;rcp26;5;950;expoLinear;regiCarbonPrice;off;off;2050.EUR_regi.budget.netCO2 57;2;off;2;off;2;off;off;off;off;off;off;off;on;on;off;EUR_regi, NEU_regi;30;off;nash;DEU;parallel;services_putty;complex;debt_limit;DAC;ElecEra;on;0.05;0;0;0;EUR_regi, NEU_regi;1.05;9;NDC2018;2;on;2025;./config/21_regions_EU11/input_EU11_INNOPATHS_medFE_highElast.gdx;NewPl_Ref_build;NewPl_Ref_build
NewPl_1p5_build;0;load;INNO_FE_med_highElast;off;1.2;1;0.15;0;2;0.5;electric;1.5;1.5;3;0;middle;-4;none;heatpumps;6;apCarElT.upper 90,apCarH2T.upper 100,apCarPeT.lower 1;apcarelt 17000,wind 1600,spv 5160,csp 9500;0.66;tnrs 0.0625,csp 1,spv 8,gasftrec 0.0625,gasftcrec 0.0625,coalftrec 0.0625,apCarH2T 4,apCarElT 4,apCarDiEffT 2,apCarDiEffH2T 2;dac 0.0625,ngccc 0.0625,gash2c 0.0625,igccc 0.0625,pcc 0.0625,pco 0.0625,coalftcrec 0.0625,coalh2c 0.0625,bioigccc 0.0625,bioftcrec 0.0625,bioh2c 0.0625;tnrs 2,gasftrec 0.8,gasftcrec 1.6,coalftrec 1.2,spv 0.05,wind 0.05,dac 1.6,apCarH2T 0.25,apCarElT 0.25,apCarDiEffT 0.5,apCarDiEffH2T 0.8;gridspv 0.5,gridcsp 0.5,gridwind 0.5,storspv 0.025,storwind 0.025,storcsp 0.025,ngccc 2,gash2c 2,igccc 2,pcc 2,pco 2,coalftcrec 2,coalh2c 2,bioftcrec 2,bioh2c 2,bioigccc 4;off;1.5;3;off;off;2035;1;1.5;0;0;0;1;./config/21_regions_EU11/regionmapping_21_EU11.csv;REG;rcp20;5;600;expoLinear;regiCarbonPrice;off;off;2050.EUR_regi.budget.netCO2 43;2;off;2;off;2;off;off;off;off;off;off;off;on;on;off;EUR_regi, NEU_regi;30;off;nash;DEU;parallel;services_putty;complex;debt_limit;DAC;ElecEra;on;0.05;0;0;0;EUR_regi, NEU_regi;1.05;9;NDC2018;2;on;2025;./config/21_regions_EU11/input_EU11_INNOPATHS_medFE_highElast.gdx;NewPl_Ref_build;NewPl_Ref_build
_____Incumbents_build_____;0;;;;;;;;;;;;;;;;;;;;;;;;;;;;;;;;;;;;;;;;;;;;;;;;;;;;;;;;;;;;;;;;;;;;;;;;;;;;;;;;;;;;;;;;;
Incumb_Ref_build;0;load;INNO_FE_med_lowElast;off;1.2;1;0.15;0;2;0.5;incumbents;0.33;0.33;1;0;low;-2;none;none;5;apCarElT.upper 55 ;off;off;tnrs 1,gasftrec 1,gasftcrec 1,coalftrec 1,coalftcrec 1,apCarH2T 0.25,apCarElT 0.25,apCarDiEffT 0.125,apCarDiEffH2T 0.125,dac 1,ngccc 1,gash2c 1,igccc 1,pcc 1,pco 1,coalh2c 1,bioigccc 1,bioftcrec 1,bioh2c 1;off;tnrs 0.5,gasftrec 0.2,gasftcrec 0.4,coalftrec 0.3,coalftcrec 0.5,spv 0.2,wind 0.2,dac 0.4,apCarH2T 2,apCarElT 0.5,apCarDiEffT 4,apCarDiEffH2T 4;gridspv 2,gridcsp 2,gridwind 2,storspv 0.1,storwind 0.1,storcsp 0.1,ngccc 0.5,gash2c 0.5,igccc 0.5,pcc 0.5,pco 0.5,coalh2c 0.5,bioftcrec 0.5,bioh2c 0.5,bioigccc 0.5;bioigccc 0.66,bioh2c 0.66,biogas 0.66,bioftrec 0.66,bioftcrec 0.66,igccc 0.66,coalh2c 0.66,coalgas 0.66,coalftrec 0.66,coalftcrec 0.66,ngccc 0.66,gash2c 0.66,gasftrec 0.66,gasftcrec 0.66,tnrs 0.66, tdhes 2;off;off;spv 0.1,wind 0.3;off;2020;3;2.5;0;0;0;1;./config/21_regions_EU11/regionmapping_21_EU11.csv;REG;none;0;0;none;regiCarbonPrice;off;off;off;2;off;2;off;2;off;off;off;off;off;off;off;on;on;on;EUR_regi, NEU_regi;-1;off;nash;DEU;parallel;services_putty;complex;debt_limit;off;ConvCase;on;0.05;0;0;0;EUR_regi, NEU_regi;1.05;1;none;2;on;2005;/p/tmp/levesque/Remind/Remind_EU/output/calib_putty_2020-05-05_14.52.52/fulldata.gdx;;
Incumb_Weak_build;0;load;INNO_FE_med_lowElast;off;1.2;1;0.15;0;2;0.5;incumbents;0.33;0.33;1;0;low;-2;hydrogen;hydrogen;5;apCarElT.upper 55 ;off;off;tnrs 1,gasftrec 1,gasftcrec 1,coalftrec 1,coalftcrec 1,apCarH2T 0.25,apCarElT 0.25,apCarDiEffT 0.125,apCarDiEffH2T 0.125,dac 1,ngccc 1,gash2c 1,igccc 1,pcc 1,pco 1,coalh2c 1,bioigccc 1,bioftcrec 1,bioh2c 1;off;tnrs 0.5,gasftrec 0.2,gasftcrec 0.4,coalftrec 0.3,coalftcrec 0.5,spv 0.2,wind 0.2,dac 0.4,apCarH2T 2,apCarElT 0.5,apCarDiEffT 4,apCarDiEffH2T 4;gridspv 2,gridcsp 2,gridwind 2,storspv 0.1,storwind 0.1,storcsp 0.1,ngccc 0.5,gash2c 0.5,igccc 0.5,pcc 0.5,pco 0.5,coalh2c 0.5,bioftcrec 0.5,bioh2c 0.5,bioigccc 0.5;bioigccc 0.66,bioh2c 0.66,biogas 0.66,bioftrec 0.66,bioftcrec 0.66,igccc 0.66,coalh2c 0.66,coalgas 0.66,coalftrec 0.66,coalftcrec 0.66,ngccc 0.66,gash2c 0.66,gasftrec 0.66,gasftcrec 0.66,tnrs 0.66, tdhes 2;off;off;spv 0.1,wind 0.3;off;2020;3;2.5;0;0;0;1;./config/21_regions_EU11/regionmapping_21_EU11.csv;REG;rcp26;5;1300;expoLinear;regiCarbonPrice;off;off;2050.EUR_regi.budget.netCO2 82;2;off;2;off;2;off;off;off;off;off;off;off;on;on;on;EUR_regi, NEU_regi;30;off;nash;DEU;parallel;services_putty;complex;debt_limit;DAC;HydrHype;on;0.05;0.2;0.95;0;EUR_regi, NEU_regi;1.05;9;NDC2018;2;on;2025;./config/21_regions_EU11/input_EU11_INNOPATHS_medFE_lowElast.gdx;Incumb_Ref_build;Incumb_Ref_build
Incumb_min80_build;0;load;INNO_FE_med_lowElast;off;1.2;1;0.15;0;2;0.5;incumbents;0.33;0.33;1;0;low;-2;hydrogen;hydrogen;5;apCarElT.upper 55 ;off;off;tnrs 1,gasftrec 1,gasftcrec 1,coalftrec 1,coalftcrec 1,apCarH2T 0.25,apCarElT 0.25,apCarDiEffT 0.125,apCarDiEffH2T 0.125,dac 1,ngccc 1,gash2c 1,igccc 1,pcc 1,pco 1,coalh2c 1,bioigccc 1,bioftcrec 1,bioh2c 1;off;tnrs 0.5,gasftrec 0.2,gasftcrec 0.4,coalftrec 0.3,coalftcrec 0.5,spv 0.2,wind 0.2,dac 0.4,apCarH2T 2,apCarElT 0.5,apCarDiEffT 4,apCarDiEffH2T 4;gridspv 2,gridcsp 2,gridwind 2,storspv 0.1,storwind 0.1,storcsp 0.1,ngccc 0.5,gash2c 0.5,igccc 0.5,pcc 0.5,pco 0.5,coalh2c 0.5,bioftcrec 0.5,bioh2c 0.5,bioigccc 0.6;bioigccc 0.66,bioh2c 0.66,biogas 0.66,bioftrec 0.66,bioftcrec 0.66,igccc 0.66,coalh2c 0.66,coalgas 0.66,coalftrec 0.66,coalftcrec 0.66,ngccc 0.66,gash2c 0.66,gasftrec 0.66,gasftcrec 0.66,tnrs 0.66, tdhes 2;off;off;spv 0.1,wind 0.4;off;2020;3;2.5;0;0;0;1;./config/21_regions_EU11/regionmapping_21_EU11.csv;REG;rcp26;5;950;expoLinear;regiCarbonPrice;off;off;2050.EUR_regi.budget.netCO2 57;2;off;2;off;2;off;off;off;off;off;off;off;on;on;on;EUR_regi, NEU_regi;30;off;nash;DEU;parallel;services_putty;complex;debt_limit;DAC;HydrHype;on;0.05;0.2;0.95;0;EUR_regi, NEU_regi;1.05;9;NDC2018;2;on;2025;./config/21_regions_EU11/input_EU11_INNOPATHS_medFE_lowElast.gdx;Incumb_Ref_build;Incumb_Ref_build
Incumb_1p5_build;0;load;INNO_FE_med_lowElast;off;1.2;1;0.15;0;2;0.5;incumbents;0.33;0.33;1;0;low;-2;hydrogen;hydrogen;5;apCarElT.upper 55 ;off;off;tnrs 1,gasftrec 1,gasftcrec 1,coalftrec 1,coalftcrec 1,apCarH2T 0.25,apCarElT 0.25,apCarDiEffT 0.125,apCarDiEffH2T 0.125,dac 1,ngccc 1,gash2c 1,igccc 1,pcc 1,pco 1,coalh2c 1,bioigccc 1,bioftcrec 1,bioh2c 1;off;tnrs 0.5,gasftrec 0.2,gasftcrec 0.4,coalftrec 0.3,coalftcrec 0.5,spv 0.2,wind 0.2,dac 0.4,apCarH2T 2,apCarElT 0.5,apCarDiEffT 4,apCarDiEffH2T 4;gridspv 2,gridcsp 2,gridwind 2,storspv 0.1,storwind 0.1,storcsp 0.1,ngccc 0.5,gash2c 0.5,igccc 0.5,pcc 0.5,pco 0.5,coalh2c 0.5,bioftcrec 0.5,bioh2c 0.5,bioigccc 0.7;bioigccc 0.66,bioh2c 0.66,biogas 0.66,bioftrec 0.66,bioftcrec 0.66,igccc 0.66,coalh2c 0.66,coalgas 0.66,coalftrec 0.66,coalftcrec 0.66,ngccc 0.66,gash2c 0.66,gasftrec 0.66,gasftcrec 0.66,tnrs 0.66, tdhes 2;off;off;spv 0.1,wind 0.5;off;2020;3;2.5;0;0;0;1;./config/21_regions_EU11/regionmapping_21_EU11.csv;REG;rcp20;5;600;expoLinear;regiCarbonPrice;off;off;2050.EUR_regi.budget.netCO2 43;2;off;2;off;2;off;off;off;off;off;off;off;on;on;on;EUR_regi, NEU_regi;30;off;nash;DEU;parallel;services_putty;complex;debt_limit;DAC;HydrHype;on;0.05;0.2;0.95;0;EUR_regi, NEU_regi;1.05;9;NDC2018;2;on;2025;./config/21_regions_EU11/input_EU11_INNOPATHS_medFE_lowElast.gdx;Incumb_Ref_build;Incumb_Ref_build
_____Efficiency_build_____;0;;;;;;;;;;;;;;;;;;;;;;;;;;;;;;;;;;;;;;;;;;;;;;;;;;;;;;;;;;;;;;;;;;;;;;;;;;;;;;;;;;;;;;;;;
Eff_Ref_build;0;load;INNO_FE_low;off;1.2;1;0.15;0;2;0.5;efficiency;off;off;1;1;high;-3;none;none;7;off;off;off;off;off;off;off;off;off;3;off;off;2030;1;1.5;0;0;0;1;./config/21_regions_EU11/regionmapping_21_EU11.csv;REG;none;0;0;none;regiCarbonPrice;off;off;off;2;off;2;off;2;off;off;off;off;off;off;off;on;on;off;EUR_regi, NEU_regi;-1;off;nash;DEU;parallel;services_putty;complex;debt_limit;off;ConvCase;on;0.05;0;0;0;EUR_regi, NEU_regi;1.05;1;none;2;on;2005;/p/tmp/levesque/Remind/Remind_EU/output/calib_putty_2020-05-05_14.52.52/fulldata.gdx;;
Eff_Weak_build;0;load;INNO_FE_low;off;1.2;1;0.15;0;2;0.5;efficiency;off;off;2;1;high;-3;none;none;7;off;off;off;off;off;off;off;off;off;3;off;off;2030;1;1.5;0;0;0;1;./config/21_regions_EU11/regionmapping_21_EU11.csv;REG;rcp26;5;1300;expoLinear;regiCarbonPrice;off;off;2050.EUR_regi.budget.netCO2 82;2;off;2;off;2;off;off;off;off;off;off;off;on;on;off;EUR_regi, NEU_regi;30;off;nash;DEU;parallel;services_putty;complex;debt_limit;DAC;ElecEraWise;on;0.05;0;0;0;EUR_regi, NEU_regi;1.05;9;NDC2018;2;on;2025;./config/21_regions_EU11/input_EU11_INNOPATHS_lowFE.gdx;Eff_Ref_build;Eff_Ref_build
Eff_min80_build;0;load;INNO_FE_low;off;1.2;1;0.15;0;2;0.5;efficiency;off;off;2;1;high;-3;none;none;7;off;off;off;off;off;off;off;off;off;3;off;off;2030;1;1.5;0;0;0;1;./config/21_regions_EU11/regionmapping_21_EU11.csv;REG;rcp26;5;950;expoLinear;regiCarbonPrice;off;off;2050.EUR_regi.budget.netCO2 57;2;off;2;off;2;off;off;off;off;off;off;off;on;on;off;EUR_regi, NEU_regi;30;off;nash;DEU;parallel;services_putty;complex;debt_limit;DAC;ElecEraWise;on;0.05;0;0;0;EUR_regi, NEU_regi;1.05;9;NDC2018;2;on;2025;./config/21_regions_EU11/input_EU11_INNOPATHS_lowFE.gdx;Eff_Ref_build;Eff_Ref_build
Eff_1p5_build;0;load;INNO_FE_low;off;1.2;1;0.15;0;2;0.5;efficiency;off;off;2;1;high;-3;none;none;7;off;off;off;off;off;off;off;off;off;3;off;off;2030;1;1.5;0;0;0;1;./config/21_regions_EU11/regionmapping_21_EU11.csv;REG;rcp20;5;600;expoLinear;regiCarbonPrice;off;off;2050.EUR_regi.budget.netCO2 43;2;off;2;off;2;off;off;off;off;off;off;off;on;on;off;EUR_regi, NEU_regi;30;off;nash;DEU;parallel;services_putty;complex;debt_limit;DAC;ElecEraWise;on;0.05;0;0;0;EUR_regi, NEU_regi;1.05;9;NDC2018;2;on;2025;./config/21_regions_EU11/input_EU11_INNOPATHS_lowFE.gdx;Eff_Ref_build;Eff_Ref_build
_____TRANSPORT_EDGE______;0;;;;;;;;;;;;;;;;;;;;;;;;;;;;;;;;;;;;;;;;;;;;;;;;;;;;;;;;;;;;;;;;;;;;;;;;;;;;;;;;;;;;;;;;;
_____Calibration_esm_____;0;;;;;;;;;;;;;;;;;;;;;;;;;;;;;;;;;;;;;;;;;;;;;;;;;;;;;;;;;;;;;;;;;;;;;;;;;;;;;;;;;;;;;;;;;
Calib_FE_INNOPATHS_low_esm;0;calibrate;INNO_FE_low;off;1.2;1;0.15;0;2;0.5;efficiency;off;off;1;0;middle;-3;none;none;5;off;off;off;off;off;off;off;off;off;off;off;off;2020;1;1.5;0;0;0;0;./config/21_regions_EU11/regionmapping_21_EU11.csv;REG;none;0;0;none;regiCarbonPrice;off;off;off;2;off;2;off;2;off;off;off;off;off;off;off;on;on;off;EUR_regi, NEU_regi;-1;off;nash;DEU;parallel;simple;edge_esm;debt_limit;off;ConvCaseWise;off;1;0;0;0;EUR_regi, NEU_regi;1.05;1;none;2;on;2005;./config/21_regions_EU11/input_EU11_INNOPATHS_esm_ConvCaseWise.gdx;;
Calib_FE_INNOPATHS_med_esm;0;calibrate;INNO_FE_med;off;1.2;1;0.15;0;2;0.5;off;off;off;1;0;middle;-3;none;none;5;off;off;off;off;off;off;off;off;off;off;off;off;2020;1;1.5;0;0;0;0;./config/21_regions_EU11/regionmapping_21_EU11.csv;REG;none;0;0;none;regiCarbonPrice;off;off;off;2;off;2;off;2;off;off;off;off;off;off;off;on;on;off;EUR_regi, NEU_regi;-1;off;nash;DEU;parallel;simple;edge_esm;debt_limit;DAC;ConvCase;off;1;0;0;0;EUR_regi, NEU_regi;1.05;1;none;2;on;2005;./config/21_regions_EU11/input_EU11_INNOPATHS_esm_ConvCase.gdx;;
Calib_FE_INNOPATHS_med_highElast_esm;0;calibrate;INNO_FE_med_highElast;off;1.2;1;0.15;0;2;0.5;electric;1.5;1.5;1;0;middle;-3;none;none;5;off;off;off;off;off;off;off;off;off;off;off;off;2020;1;1.5;0;0;0;0;./config/21_regions_EU11/regionmapping_21_EU11.csv;REG;none;0;0;none;regiCarbonPrice;off;off;off;2;off;2;off;2;off;off;off;off;off;off;off;on;on;off;EUR_regi, NEU_regi;-1;off;nash;DEU;parallel;simple;edge_esm;debt_limit;DAC;ConvCase;off;1;0;0;0;EUR_regi, NEU_regi;1.05;1;none;2;on;2005;./config/21_regions_EU11/input_EU11_INNOPATHS_esm_ConvCase_highElast.gdx;;
Calib_FE_INNOPATHS_med_lowElast_esm;0;calibrate;INNO_FE_med_lowElast;off;1.2;1;0.15;0;2;0.5;incumbents;0.33;0.33;1;0;middle;-3;none;none;5;off;off;off;off;off;off;off;off;off;off;off;off;2020;1;1.5;0;0;0;0;./config/21_regions_EU11/regionmapping_21_EU11.csv;REG;none;0;0;none;regiCarbonPrice;off;off;off;2;off;2;off;2;off;off;off;off;off;off;off;on;on;off;EUR_regi, NEU_regi;-1;off;nash;DEU;parallel;simple;edge_esm;debt_limit;DAC;ConvCase;off;1;0;0;0;EUR_regi, NEU_regi;1.05;1;none;2;on;2005;./config/21_regions_EU11/input_EU11_INNOPATHS_esm_ConvCase_lowElast.gdx;;
_____New_Players_esm_____;0;;;;;;;;;;;;;;;;;;;;;;;;;;;;;;;;;;;;;;;;;;;;;;;;;;;;;;;;;;;;;;;;;;;;;;;;;;;;;;;;;;;;;;;;;
NewPl_Ref_esm;0;load;INNO_FE_med_highElast;off;1.2;1;0.15;0;2;0.5;electric;1.5;1.5;1;0;middle;-3;none;none;5;apCarElT.upper 90,apCarH2T.upper 100,apCarPeT.lower 0;apcarelt 17000,wind 1600,spv 5160,csp 9500;0.66;tnrs 0.0625,csp 1,spv 8,gasftrec 0.0625,gasftcrec 0.0625,coalftrec 0.0625,apCarH2T 4,apCarElT 4,apCarDiEffT 2,apCarDiEffH2T 2;dac 0.0625,ngccc 0.0625,gash2c 0.0625,igccc 0.0625,pcc 0.0625,pco 0.0625,coalftcrec 0.0625,coalh2c 0.0625,bioigccc 0.0625,bioftcrec 0.0625,bioh2c 0.0625;tnrs 2,gasftrec 0.8,gasftcrec 1.6,coalftrec 1.2,spv 0.05,wind 0.05,dac 1.6,apCarH2T 0.25,apCarElT 0.25,apCarDiEffT 0.5,apCarDiEffH2T 0.5;gridspv 0.5,gridcsp 0.5,gridwind 0.5,storspv 0.025,storwind 0.025,storcsp 0.025,ngccc 2,gash2c 2,igccc 2,pcc 2,pco 2,coalftcrec 2,coalh2c 2,bioftcrec 2,bioh2c 2,bioigccc 2;off;1.5;3;off;off;2035;1;1.5;0;0;0;1;./config/21_regions_EU11/regionmapping_21_EU11.csv;REG;none;0;0;none;regiCarbonPrice;off;off;off;2;off;2;off;2;off;off;off;off;off;off;off;on;on;off;EUR_regi, NEU_regi;-1;off;nash;DEU;parallel;simple;edge_esm;debt_limit;off;ConvCase;on;0.05;0;0;0;EUR_regi, NEU_regi;1.05;1;none;2;on;2005;./config/21_regions_EU11/input_EU11_INNOPATHS_esm_ConvCase_highElast.gdx;;
NewPl_Weak_esm;0;load;INNO_FE_med_highElast;off;1.2;1;0.15;0;2;0.5;electric;1.5;1.5;1;0;middle;-3;none;none;5;apCarElT.upper 90,apCarH2T.upper 100,apCarPeT.lower 0;apcarelt 17000,wind 1600,spv 5160,csp 9500;0.66;tnrs 0.0625,csp 1,spv 8,gasftrec 0.0625,gasftcrec 0.0625,coalftrec 0.0625,apCarH2T 4,apCarElT 4,apCarDiEffT 2,apCarDiEffH2T 2;dac 0.0625,ngccc 0.0625,gash2c 0.0625,igccc 0.0625,pcc 0.0625,pco 0.0625,coalftcrec 0.0625,coalh2c 0.0625,bioigccc 0.0625,bioftcrec 0.0625,bioh2c 0.0625;tnrs 2,gasftrec 0.8,gasftcrec 1.6,coalftrec 1.2,spv 0.05,wind 0.05,dac 1.6,apCarH2T 0.25,apCarElT 0.25,apCarDiEffT 0.5,apCarDiEffH2T 0.6;gridspv 0.5,gridcsp 0.5,gridwind 0.5,storspv 0.025,storwind 0.025,storcsp 0.025,ngccc 2,gash2c 2,igccc 2,pcc 2,pco 2,coalftcrec 2,coalh2c 2,bioftcrec 2,bioh2c 2,bioigccc 2;off;1.5;3;off;off;2035;1;1.5;0;0;0;1;./config/21_regions_EU11/regionmapping_21_EU11.csv;REG;rcp26;5;1300;expoLinear;regiCarbonPrice;off;off;2050.EUR_regi.budget.netCO2 82;2;off;2;off;2;off;off;off;off;off;off;off;on;on;off;EUR_regi, NEU_regi;30;off;nash;DEU;parallel;simple;edge_esm;debt_limit;DAC;ElecEra;on;0.05;0;0;0;EUR_regi, NEU_regi;1.05;9;NDC2018;2;on;2025;./config/21_regions_EU11/input_EU11_INNOPATHS_esm_ConvCase_highElast.gdx;NewPl_Ref_esm;NewPl_Ref_esm
NewPl_min80_esm;0;load;INNO_FE_med_highElast;off;1.2;1;0.15;0;2;0.5;electric;1.5;1.5;1;0;middle;-3;none;none;5;apCarElT.upper 90,apCarH2T.upper 100,apCarPeT.lower 0;apcarelt 17000,wind 1600,spv 5160,csp 9500;0.66;tnrs 0.0625,csp 1,spv 8,gasftrec 0.0625,gasftcrec 0.0625,coalftrec 0.0625,apCarH2T 4,apCarElT 4,apCarDiEffT 2,apCarDiEffH2T 2;dac 0.0625,ngccc 0.0625,gash2c 0.0625,igccc 0.0625,pcc 0.0625,pco 0.0625,coalftcrec 0.0625,coalh2c 0.0625,bioigccc 0.0625,bioftcrec 0.0625,bioh2c 0.0625;tnrs 2,gasftrec 0.8,gasftcrec 1.6,coalftrec 1.2,spv 0.05,wind 0.05,dac 1.6,apCarH2T 0.25,apCarElT 0.25,apCarDiEffT 0.5,apCarDiEffH2T 0.7;gridspv 0.5,gridcsp 0.5,gridwind 0.5,storspv 0.025,storwind 0.025,storcsp 0.025,ngccc 2,gash2c 2,igccc 2,pcc 2,pco 2,coalftcrec 2,coalh2c 2,bioftcrec 2,bioh2c 2,bioigccc 3;off;1.5;3;off;off;2035;1;1.5;0;0;0;1;./config/21_regions_EU11/regionmapping_21_EU11.csv;REG;rcp26;5;950;expoLinear;regiCarbonPrice;off;off;2050.EUR_regi.budget.netCO2 57;2;off;2;off;2;off;off;off;off;off;off;off;on;on;off;EUR_regi, NEU_regi;30;off;nash;DEU;parallel;simple;edge_esm;debt_limit;DAC;ElecEra;on;0.05;0;0;0;EUR_regi, NEU_regi;1.05;9;NDC2018;2;on;2025;./config/21_regions_EU11/input_EU11_INNOPATHS_esm_ConvCase_highElast.gdx;NewPl_Ref_esm;NewPl_Ref_esm
NewPl_1p5_esm;0;load;INNO_FE_med_highElast;off;1.2;1;0.15;0;2;0.5;electric;1.5;1.5;1;0;middle;-3;none;none;5;apCarElT.upper 90,apCarH2T.upper 100,apCarPeT.lower 1;apcarelt 17000,wind 1600,spv 5160,csp 9500;0.66;tnrs 0.0625,csp 1,spv 8,gasftrec 0.0625,gasftcrec 0.0625,coalftrec 0.0625,apCarH2T 4,apCarElT 4,apCarDiEffT 2,apCarDiEffH2T 2;dac 0.0625,ngccc 0.0625,gash2c 0.0625,igccc 0.0625,pcc 0.0625,pco 0.0625,coalftcrec 0.0625,coalh2c 0.0625,bioigccc 0.0625,bioftcrec 0.0625,bioh2c 0.0625;tnrs 2,gasftrec 0.8,gasftcrec 1.6,coalftrec 1.2,spv 0.05,wind 0.05,dac 1.6,apCarH2T 0.25,apCarElT 0.25,apCarDiEffT 0.5,apCarDiEffH2T 0.8;gridspv 0.5,gridcsp 0.5,gridwind 0.5,storspv 0.025,storwind 0.025,storcsp 0.025,ngccc 2,gash2c 2,igccc 2,pcc 2,pco 2,coalftcrec 2,coalh2c 2,bioftcrec 2,bioh2c 2,bioigccc 4;off;1.5;3;off;off;2035;1;1.5;0;0;0;1;./config/21_regions_EU11/regionmapping_21_EU11.csv;REG;rcp20;5;600;expoLinear;regiCarbonPrice;off;off;2050.EUR_regi.budget.netCO2 43;2;off;2;off;2;off;off;off;off;off;off;off;on;on;off;EUR_regi, NEU_regi;30;off;nash;DEU;parallel;simple;edge_esm;debt_limit;DAC;ElecEra;on;0.05;0;0;0;EUR_regi, NEU_regi;1.05;9;NDC2018;2;on;2025;./config/21_regions_EU11/input_EU11_INNOPATHS_esm_ConvCase_highElast.gdx;NewPl_Ref_esm;NewPl_Ref_esm
_____Incumbents_esm_____;0;;;;;;;;;;;;;;;;;;;;;;;;;;;;;;;;;;;;;;;;;;;;;;;;;;;;;;;;;;;;;;;;;;;;;;;;;;;;;;;;;;;;;;;;;
Incumb_Ref_esm;0;load;INNO_FE_med_lowElast;off;1.2;1;0.15;0;2;0.25;incumbents;off;off;1;0;middle;-3;none;none;5;apCarElT.upper 55 ;off;off;tnrs 1,gasftrec 1,gasftcrec 1,coalftrec 1,coalftcrec 1,apCarH2T 0.25,apCarElT 0.25,apCarDiEffT 0.125,apCarDiEffH2T 0.125,dac 1,ngccc 1,gash2c 1,igccc 1,pcc 1,pco 1,coalh2c 1,bioigccc 1,bioftcrec 1,bioh2c 1;off;tnrs 0.5,gasftrec 0.2,gasftcrec 0.4,coalftrec 0.3,coalftcrec 0.5,spv 0.2,wind 0.2,dac 0.4,apCarH2T 2,apCarElT 0.5,apCarDiEffT 4,apCarDiEffH2T 4;gridspv 2,gridcsp 2,gridwind 2,storspv 0.1,storwind 0.1,storcsp 0.1,ngccc 0.5,gash2c 0.5,igccc 0.5,pcc 0.5,pco 0.5,coalh2c 0.5,bioftcrec 0.5,bioh2c 0.5,bioigccc 0.5;bioigccc 0.66,bioh2c 0.66,biogas 0.66,bioftrec 0.66,bioftcrec 0.66,igccc 0.66,coalh2c 0.66,coalgas 0.66,coalftrec 0.66,coalftcrec 0.66,ngccc 0.66,gash2c 0.66,gasftrec 0.66,gasftcrec 0.66,tnrs 0.66, tdhes 2;off;off;spv 0.1,wind 0.3;off;2020;3;2.5;0;0;0;1;./config/21_regions_EU11/regionmapping_21_EU11.csv;REG;none;0;0;none;regiCarbonPrice;off;off;off;2;off;2;off;2;off;off;off;off;off;off;off;on;on;on;EUR_regi, NEU_regi;-1;off;nash;DEU;parallel;simple;edge_esm;debt_limit;off;ConvCase;on;0.05;0;0;0;EUR_regi, NEU_regi;1.05;1;none;2;on;2005;./config/21_regions_EU11/input_EU11_INNOPATHS_esm_ConvCase.gdx;;
Incumb_Weak_esm;0;load;INNO_FE_med_lowElast;off;1.2;1;0.15;0;2;0.25;incumbents;off;off;1;0;middle;-3;none;none;5;apCarElT.upper 55 ;off;off;tnrs 1,gasftrec 1,gasftcrec 1,coalftrec 1,coalftcrec 1,apCarH2T 0.25,apCarElT 0.25,apCarDiEffT 0.125,apCarDiEffH2T 0.125,dac 1,ngccc 1,gash2c 1,igccc 1,pcc 1,pco 1,coalh2c 1,bioigccc 1,bioftcrec 1,bioh2c 1;off;tnrs 0.5,gasftrec 0.2,gasftcrec 0.4,coalftrec 0.3,coalftcrec 0.5,spv 0.2,wind 0.2,dac 0.4,apCarH2T 2,apCarElT 0.5,apCarDiEffT 4,apCarDiEffH2T 4;gridspv 2,gridcsp 2,gridwind 2,storspv 0.1,storwind 0.1,storcsp 0.1,ngccc 0.5,gash2c 0.5,igccc 0.5,pcc 0.5,pco 0.5,coalh2c 0.5,bioftcrec 0.5,bioh2c 0.5,bioigccc 0.5;bioigccc 0.66,bioh2c 0.66,biogas 0.66,bioftrec 0.66,bioftcrec 0.66,igccc 0.66,coalh2c 0.66,coalgas 0.66,coalftrec 0.66,coalftcrec 0.66,ngccc 0.66,gash2c 0.66,gasftrec 0.66,gasftcrec 0.66,tnrs 0.66, tdhes 2;off;off;spv 0.1,wind 0.3;off;2020;3;2.5;0;0;0;1;./config/21_regions_EU11/regionmapping_21_EU11.csv;REG;rcp26;5;1300;expoLinear;regiCarbonPrice;off;off;2050.EUR_regi.budget.netCO2 82;2;off;2;off;2;off;off;off;off;off;off;off;on;on;on;EUR_regi, NEU_regi;30;off;nash;DEU;parallel;simple;edge_esm;debt_limit;DAC;HydrHype;on;0.05;0.2;0.95;0;EUR_regi, NEU_regi;1.05;9;NDC2018;2;on;2025;./config/21_regions_EU11/input_EU11_INNOPATHS_esm_ConvCase.gdx;Incumb_Ref_esm;Incumb_Ref_esm
Incumb_min80_esm;0;load;INNO_FE_med_lowElast;off;1.2;1;0.15;0;2;0.25;incumbents;off;off;1;0;middle;-3;none;none;5;apCarElT.upper 55 ;off;off;tnrs 1,gasftrec 1,gasftcrec 1,coalftrec 1,coalftcrec 1,apCarH2T 0.25,apCarElT 0.25,apCarDiEffT 0.125,apCarDiEffH2T 0.125,dac 1,ngccc 1,gash2c 1,igccc 1,pcc 1,pco 1,coalh2c 1,bioigccc 1,bioftcrec 1,bioh2c 1;off;tnrs 0.5,gasftrec 0.2,gasftcrec 0.4,coalftrec 0.3,coalftcrec 0.5,spv 0.2,wind 0.2,dac 0.4,apCarH2T 2,apCarElT 0.5,apCarDiEffT 4,apCarDiEffH2T 4;gridspv 2,gridcsp 2,gridwind 2,storspv 0.1,storwind 0.1,storcsp 0.1,ngccc 0.5,gash2c 0.5,igccc 0.5,pcc 0.5,pco 0.5,coalh2c 0.5,bioftcrec 0.5,bioh2c 0.5,bioigccc 0.6;bioigccc 0.66,bioh2c 0.66,biogas 0.66,bioftrec 0.66,bioftcrec 0.66,igccc 0.66,coalh2c 0.66,coalgas 0.66,coalftrec 0.66,coalftcrec 0.66,ngccc 0.66,gash2c 0.66,gasftrec 0.66,gasftcrec 0.66,tnrs 0.66, tdhes 2;off;off;spv 0.1,wind 0.4;off;2020;3;2.5;0;0;0;1;./config/21_regions_EU11/regionmapping_21_EU11.csv;REG;rcp26;5;950;expoLinear;regiCarbonPrice;off;off;2050.EUR_regi.budget.netCO2 57;2;off;2;off;2;off;off;off;off;off;off;off;on;on;on;EUR_regi, NEU_regi;30;off;nash;DEU;parallel;simple;edge_esm;debt_limit;DAC;HydrHype;on;0.05;0.2;0.95;0;EUR_regi, NEU_regi;1.05;9;NDC2018;2;on;2025;./config/21_regions_EU11/input_EU11_INNOPATHS_esm_ConvCase.gdx;Incumb_Ref_esm;Incumb_Ref_esm
Incumb_1p5_esm;0;load;INNO_FE_med_lowElast;off;1.2;1;0.15;0;2;0.25;incumbents;off;off;1;0;middle;-3;none;none;5;apCarElT.upper 55 ;off;off;tnrs 1,gasftrec 1,gasftcrec 1,coalftrec 1,coalftcrec 1,apCarH2T 0.25,apCarElT 0.25,apCarDiEffT 0.125,apCarDiEffH2T 0.125,dac 1,ngccc 1,gash2c 1,igccc 1,pcc 1,pco 1,coalh2c 1,bioigccc 1,bioftcrec 1,bioh2c 1;off;tnrs 0.5,gasftrec 0.2,gasftcrec 0.4,coalftrec 0.3,coalftcrec 0.5,spv 0.2,wind 0.2,dac 0.4,apCarH2T 2,apCarElT 0.5,apCarDiEffT 4,apCarDiEffH2T 4;gridspv 2,gridcsp 2,gridwind 2,storspv 0.1,storwind 0.1,storcsp 0.1,ngccc 0.5,gash2c 0.5,igccc 0.5,pcc 0.5,pco 0.5,coalh2c 0.5,bioftcrec 0.5,bioh2c 0.5,bioigccc 0.7;bioigccc 0.66,bioh2c 0.66,biogas 0.66,bioftrec 0.66,bioftcrec 0.66,igccc 0.66,coalh2c 0.66,coalgas 0.66,coalftrec 0.66,coalftcrec 0.66,ngccc 0.66,gash2c 0.66,gasftrec 0.66,gasftcrec 0.66,tnrs 0.66, tdhes 2;off;off;spv 0.1,wind 0.5;off;2020;3;2.5;0;0;0;1;./config/21_regions_EU11/regionmapping_21_EU11.csv;REG;rcp20;5;600;expoLinear;regiCarbonPrice;off;off;2050.EUR_regi.budget.netCO2 43;2;off;2;off;2;off;off;off;off;off;off;off;on;on;on;EUR_regi, NEU_regi;30;off;nash;DEU;parallel;simple;edge_esm;debt_limit;DAC;HydrHype;on;0.05;0.2;0.95;0;EUR_regi, NEU_regi;1.05;9;NDC2018;2;on;2025;./config/21_regions_EU11/input_EU11_INNOPATHS_esm_ConvCase.gdx;Incumb_Ref_esm;Incumb_Ref_esm
_____Efficiency_esm_____;0;;;;;;;;;;;;;;;;;;;;;;;;;;;;;;;;;;;;;;;;;;;;;;;;;;;;;;;;;;;;;;;;;;;;;;;;;;;;;;;;;;;;;;;;;
Eff_Ref_esm;0;load;INNO_FE_low;off;1.2;1;0.15;0;2;0.5;efficiency;off;off;1;0;middle;-3;none;none;5;off;off;off;off;off;off;off;off;off;3;off;off;2030;1;1.5;0;0;0;1;./config/21_regions_EU11/regionmapping_21_EU11.csv;REG;none;0;0;none;regiCarbonPrice;off;off;off;2;off;2;off;2;off;off;off;off;off;off;off;on;on;off;EUR_regi, NEU_regi;-1;off;nash;DEU;parallel;simple;edge_esm;debt_limit;off;ConvCase;on;0.05;0;0;0;EUR_regi, NEU_regi;1.05;1;none;2;on;2005;./config/21_regions_EU11/input_EU11_INNOPATHS_esm_ConvCaseWise.gdx;;
Eff_Weak_esm;0;load;INNO_FE_low;off;1.2;1;0.15;0;2;0.5;efficiency;off;off;1;0;middle;-3;none;none;5;off;off;off;off;off;off;off;off;off;3;off;off;2030;1;1.5;0;0;0;1;./config/21_regions_EU11/regionmapping_21_EU11.csv;REG;rcp26;5;1300;expoLinear;regiCarbonPrice;off;off;2050.EUR_regi.budget.netCO2 82;2;off;2;off;2;off;off;off;off;off;off;off;on;on;off;EUR_regi, NEU_regi;30;off;nash;DEU;parallel;simple;edge_esm;debt_limit;DAC;ElecEraWise;on;0.05;0;0;0;EUR_regi, NEU_regi;1.05;9;NDC2018;2;on;2025;./config/21_regions_EU11/input_EU11_INNOPATHS_esm_ConvCaseWise.gdx;Eff_Ref_esm;Eff_Ref_esm
Eff_min80_esm;0;load;INNO_FE_low;off;1.2;1;0.15;0;2;0.5;efficiency;off;off;1;0;middle;-3;none;none;5;off;off;off;off;off;off;off;off;off;3;off;off;2030;1;1.5;0;0;0;1;./config/21_regions_EU11/regionmapping_21_EU11.csv;REG;rcp26;5;950;expoLinear;regiCarbonPrice;off;off;2050.EUR_regi.budget.netCO2 57;2;off;2;off;2;off;off;off;off;off;off;off;on;on;off;EUR_regi, NEU_regi;30;off;nash;DEU;parallel;simple;edge_esm;debt_limit;DAC;ElecEraWise;on;0.05;0;0;0;EUR_regi, NEU_regi;1.05;9;NDC2018;2;on;2025;./config/21_regions_EU11/input_EU11_INNOPATHS_esm_ConvCaseWise.gdx;Eff_Ref_esm;Eff_Ref_esm
Eff_1p5_esm;0;load;INNO_FE_low;off;1.2;1;0.15;0;2;0.5;efficiency;off;off;1;0;middle;-3;none;none;5;off;off;off;off;off;off;off;off;off;3;off;off;2030;1;1.5;0;0;0;1;./config/21_regions_EU11/regionmapping_21_EU11.csv;REG;rcp20;5;600;expoLinear;regiCarbonPrice;off;off;2050.EUR_regi.budget.netCO2 43;2;off;2;off;2;off;off;off;off;off;off;off;on;on;off;EUR_regi, NEU_regi;30;off;nash;DEU;parallel;simple;edge_esm;debt_limit;DAC;ElecEraWise;on;0.05;0;0;0;EUR_regi, NEU_regi;1.05;9;NDC2018;2;on;2025;./config/21_regions_EU11/input_EU11_INNOPATHS_esm_ConvCaseWise.gdx;Eff_Ref_esm;Eff_Ref_esm
______TEST_SCENARIOS_______;0;;;;;;;;;;;;;;;;;;;;;;;;;;;;;;;;;;;;;;;;;;;;;;;;;;;;;;;;;;;;;;;;;;;;;;;;;;;;;;;;;;;;;;;;;
test_1;0;load;INNO_FE_med;off;1.2;1;0.15;0;2;0.5;off;1.5;1.5;1;0;middle;-3;none;none;5;apCarElT.upper 90,apCarH2T.upper 100,apCarPeT.lower 0;apcarelt 17000,wind 1600,spv 5160,csp 9500;0.66;tnrs 0.0625,csp 1,spv 8,gasftrec 0.0625,gasftcrec 0.0625,coalftrec 0.0625,apCarH2T 4,apCarElT 4,apCarDiEffT 2,apCarDiEffH2T 2;dac 0.0625,ngccc 0.0625,gash2c 0.0625,igccc 0.0625,pcc 0.0625,pco 0.0625,coalftcrec 0.0625,coalh2c 0.0625,bioigccc 0.0625,bioftcrec 0.0625,bioh2c 0.0625;tnrs 2,gasftrec 0.8,gasftcrec 1.6,coalftrec 1.2,spv 0.05,wind 0.05,dac 1.6,apCarH2T 0.25,apCarElT 0.25,apCarDiEffT 0.5,apCarDiEffH2T 0.5;gridspv 0.5,gridcsp 0.5,gridwind 0.5,storspv 0.025,storwind 0.025,storcsp 0.025,ngccc 2,gash2c 2,igccc 2,pcc 2,pco 2,coalftcrec 2,coalh2c 2,bioftcrec 2,bioh2c 2,bioigccc 2;off;1.5;3;off;off;2035;1;1.5;0;0;0;1;./config/21_regions_EU11/regionmapping_21_EU11.csv;REG;none;0;0;none;regiCarbonPrice;off;off;off;2;off;2;off;2;off;off;off;off;off;off;off;on;on;off;EUR_regi, NEU_regi;-1;off;nash;DEU;parallel;simple;edge_esm;debt_limit;DAC;Electricity_push;on;1;0;0;0;EUR_regi, NEU_regi;1.05;1;none;2;on;2005;./config/21_regions_EU11/input_EU11_INNOPATHS_esm_medFE.gdx;;
________regiTest;0;;;;;;;;;;;;;;;;;;;;;;;;;;;;;;;;;;;;;;;;;;;;;;;;;;;;;;;;;;;;;;;;;;;;;;;;;;;;;;;;;;;;;;;;;
EU11_CAZ;0;load;INNO_FE_med_highElast;off;1.2;1;0.15;0;2;0.5;off;off;off;1;0;middle;-3;none;none;5;off;off;off;off;off;off;off;off;off;off;off;off;2020;1;1.5;0;0;0;1;./config/21_regions_EU11/regionmapping_21_EU11.csv;REG;none;0;0;none;regiCarbonPrice;off;off;off;2;off;2;off;2;off;off;off;off;off;off;off;on;on;off;EUR_regi, NEU_regi;-1;off;testOneRegi;CAZ;debug;simple;complex;debt_limit;DAC;ConvCase;off;1;0;0;0;EUR_regi, NEU_regi;1.05;1;none;2;on;2005;./config/21_regions_EU11/input_EU11_INNOPATHS_medFE.gdx;./config/21_regions_EU11/input_EU11_INNOPATHS_medFE.gdx;./config/21_regions_EU11/input_EU11_INNOPATHS_medFE.gdx
EU11_CHA;0;load;INNO_FE_med_lowElast;off;1.2;1;0.15;0;2;0.5;off;off;off;1;0;middle;-3;none;none;5;off;off;off;off;off;off;off;off;off;off;off;off;2020;1;1.5;0;0;0;1;./config/21_regions_EU11/regionmapping_21_EU11.csv;REG;none;0;0;none;regiCarbonPrice;off;off;off;2;off;2;off;2;off;off;off;off;off;off;off;on;on;off;EUR_regi, NEU_regi;-1;off;testOneRegi;CHA;debug;simple;complex;debt_limit;DAC;ConvCase;off;1;0;0;0;EUR_regi, NEU_regi;1.05;1;none;2;on;2005;./config/21_regions_EU11/input_EU11_INNOPATHS_medFE.gdx;./config/21_regions_EU11/input_EU11_INNOPATHS_medFE.gdx;./config/21_regions_EU11/input_EU11_INNOPATHS_medFE.gdx
EU11_IND;0;load;INNO_FE_med;off;1.2;1;0.15;0;2;0.5;off;off;off;1;0;middle;-3;none;none;5;off;off;off;off;off;off;off;off;off;off;off;off;2020;1;1.5;0;0;0;1;./config/21_regions_EU11/regionmapping_21_EU11.csv;REG;none;0;0;none;regiCarbonPrice;off;off;off;2;off;2;off;2;off;off;off;off;off;off;off;on;on;off;EUR_regi, NEU_regi;-1;off;testOneRegi;IND;debug;simple;complex;debt_limit;DAC;ConvCase;off;1;0;0;0;EUR_regi, NEU_regi;1.05;1;none;2;on;2005;./config/21_regions_EU11/input_EU11_INNOPATHS_medFE.gdx;./config/21_regions_EU11/input_EU11_INNOPATHS_medFE.gdx;./config/21_regions_EU11/input_EU11_INNOPATHS_medFE.gdx
EU11_JPN;0;load;INNO_FE_med;off;1.2;1;0.15;0;2;0.5;off;off;off;1;0;middle;-3;none;none;5;off;off;off;off;off;off;off;off;off;off;off;off;2020;1;1.5;0;0;0;1;./config/21_regions_EU11/regionmapping_21_EU11.csv;REG;none;0;0;none;regiCarbonPrice;off;off;off;2;off;2;off;2;off;off;off;off;off;off;off;on;on;off;EUR_regi, NEU_regi;-1;off;testOneRegi;JPN;debug;simple;complex;debt_limit;DAC;ConvCase;off;1;0;0;0;EUR_regi, NEU_regi;1.05;1;none;2;on;2005;./config/21_regions_EU11/input_EU11_INNOPATHS_medFE.gdx;./config/21_regions_EU11/input_EU11_INNOPATHS_medFE.gdx;./config/21_regions_EU11/input_EU11_INNOPATHS_medFE.gdx
EU11_LAM;0;load;INNO_FE_med;off;1.2;1;0.15;0;2;0.5;off;off;off;1;0;middle;-3;none;none;5;off;off;off;off;off;off;off;off;off;off;off;off;2020;1;1.5;0;0;0;1;./config/21_regions_EU11/regionmapping_21_EU11.csv;REG;none;0;0;none;regiCarbonPrice;off;off;off;2;off;2;off;2;off;off;off;off;off;off;off;on;on;off;EUR_regi, NEU_regi;-1;off;testOneRegi;LAM;debug;simple;complex;debt_limit;DAC;ConvCase;off;1;0;0;0;EUR_regi, NEU_regi;1.05;1;none;2;on;2005;./config/21_regions_EU11/input_EU11_INNOPATHS_medFE.gdx;./config/21_regions_EU11/input_EU11_INNOPATHS_medFE.gdx;./config/21_regions_EU11/input_EU11_INNOPATHS_medFE.gdx
EU11_MEA;0;load;INNO_FE_med;off;1.2;1;0.15;0;2;0.5;off;off;off;1;0;middle;-3;none;none;5;off;off;off;off;off;off;off;off;off;off;off;off;2020;1;1.5;0;0;0;1;./config/21_regions_EU11/regionmapping_21_EU11.csv;REG;none;0;0;none;regiCarbonPrice;off;off;off;2;off;2;off;2;off;off;off;off;off;off;off;on;on;off;EUR_regi, NEU_regi;-1;off;testOneRegi;MEA;debug;simple;complex;debt_limit;DAC;ConvCase;off;1;0;0;0;EUR_regi, NEU_regi;1.05;1;none;2;on;2005;./config/21_regions_EU11/input_EU11_INNOPATHS_medFE.gdx;./config/21_regions_EU11/input_EU11_INNOPATHS_medFE.gdx;./config/21_regions_EU11/input_EU11_INNOPATHS_medFE.gdx
EU11_OAS;0;load;INNO_FE_med;off;1.2;1;0.15;0;2;0.5;off;off;off;1;0;middle;-3;none;none;5;off;off;off;off;off;off;off;off;off;off;off;off;2020;1;1.5;0;0;0;1;./config/21_regions_EU11/regionmapping_21_EU11.csv;REG;none;0;0;none;regiCarbonPrice;off;off;off;2;off;2;off;2;off;off;off;off;off;off;off;on;on;off;EUR_regi, NEU_regi;-1;off;testOneRegi;OAS;debug;simple;complex;debt_limit;DAC;ConvCase;off;1;0;0;0;EUR_regi, NEU_regi;1.05;1;none;2;on;2005;./config/21_regions_EU11/input_EU11_INNOPATHS_medFE.gdx;./config/21_regions_EU11/input_EU11_INNOPATHS_medFE.gdx;./config/21_regions_EU11/input_EU11_INNOPATHS_medFE.gdx
EU11_REF;0;load;INNO_FE_med;off;1.2;1;0.15;0;2;0.5;off;off;off;1;0;middle;-3;none;none;5;off;off;off;off;off;off;off;off;off;off;off;off;2020;1;1.5;0;0;0;1;./config/21_regions_EU11/regionmapping_21_EU11.csv;REG;none;0;0;none;regiCarbonPrice;off;off;off;2;off;2;off;2;off;off;off;off;off;off;off;on;on;off;EUR_regi, NEU_regi;-1;off;testOneRegi;REF;debug;simple;complex;debt_limit;DAC;ConvCase;off;1;0;0;0;EUR_regi, NEU_regi;1.05;1;none;2;on;2005;./config/21_regions_EU11/input_EU11_INNOPATHS_medFE.gdx;./config/21_regions_EU11/input_EU11_INNOPATHS_medFE.gdx;./config/21_regions_EU11/input_EU11_INNOPATHS_medFE.gdx
EU11_SSA;0;load;INNO_FE_med;off;1.2;1;0.15;0;2;0.5;off;off;off;1;0;middle;-3;none;none;5;off;off;off;off;off;off;off;off;off;off;off;off;2020;1;1.5;0;0;0;1;./config/21_regions_EU11/regionmapping_21_EU11.csv;REG;none;0;0;none;regiCarbonPrice;off;off;off;2;off;2;off;2;off;off;off;off;off;off;off;on;on;off;EUR_regi, NEU_regi;-1;off;testOneRegi;SSA;debug;simple;complex;debt_limit;DAC;ConvCase;off;1;0;0;0;EUR_regi, NEU_regi;1.05;1;none;2;on;2005;./config/21_regions_EU11/input_EU11_INNOPATHS_medFE.gdx;./config/21_regions_EU11/input_EU11_INNOPATHS_medFE.gdx;./config/21_regions_EU11/input_EU11_INNOPATHS_medFE.gdx
EU11_USA;0;load;INNO_FE_med;off;1.2;1;0.15;0;2;0.5;off;off;off;1;0;middle;-3;none;none;5;off;off;off;off;off;off;off;off;off;off;off;off;2020;1;1.5;0;0;0;1;./config/21_regions_EU11/regionmapping_21_EU11.csv;REG;none;0;0;none;regiCarbonPrice;off;off;off;2;off;2;off;2;off;off;off;off;off;off;off;on;on;off;EUR_regi, NEU_regi;-1;off;testOneRegi;USA;debug;simple;complex;debt_limit;DAC;ConvCase;off;1;0;0;0;EUR_regi, NEU_regi;1.05;1;none;2;on;2005;./config/21_regions_EU11/input_EU11_INNOPATHS_medFE.gdx;./config/21_regions_EU11/input_EU11_INNOPATHS_medFE.gdx;./config/21_regions_EU11/input_EU11_INNOPATHS_medFE.gdx
EU11_DEU;0;load;INNO_FE_med;off;1.2;1;0.15;0;2;0.5;off;off;off;1;0;middle;-3;none;none;5;off;off;off;off;off;off;off;off;off;off;off;off;2020;1;1.5;0;0;0;1;./config/21_regions_EU11/regionmapping_21_EU11.csv;REG;none;0;0;none;regiCarbonPrice;off;off;off;2;off;2;off;2;off;off;off;off;off;off;off;on;on;off;EUR_regi, NEU_regi;-1;off;testOneRegi;DEU;debug;simple;complex;debt_limit;DAC;ConvCase;off;1;0;0;0;EUR_regi, NEU_regi;1.05;1;none;2;on;2005;./config/21_regions_EU11/input_EU11_INNOPATHS_medFE.gdx;./config/21_regions_EU11/input_EU11_INNOPATHS_medFE.gdx;./config/21_regions_EU11/input_EU11_INNOPATHS_medFE.gdx
EU11_ECE;0;load;INNO_FE_med;off;1.2;1;0.15;0;2;0.5;off;off;off;1;0;middle;-3;none;none;5;off;off;off;off;off;off;off;off;off;off;off;off;2020;1;1.5;0;0;0;1;./config/21_regions_EU11/regionmapping_21_EU11.csv;REG;none;0;0;none;regiCarbonPrice;off;off;off;2;off;2;off;2;off;off;off;off;off;off;off;on;on;off;EUR_regi, NEU_regi;-1;off;testOneRegi;ECE;debug;simple;complex;debt_limit;DAC;ConvCase;off;1;0;0;0;EUR_regi, NEU_regi;1.05;1;none;2;on;2005;./config/21_regions_EU11/input_EU11_INNOPATHS_medFE.gdx;./config/21_regions_EU11/input_EU11_INNOPATHS_medFE.gdx;./config/21_regions_EU11/input_EU11_INNOPATHS_medFE.gdx
EU11_ECS;0;load;INNO_FE_med;off;1.2;1;0.15;0;2;0.5;off;off;off;1;0;middle;-3;none;none;5;off;off;off;off;off;off;off;off;off;off;off;off;2020;1;1.5;0;0;0;1;./config/21_regions_EU11/regionmapping_21_EU11.csv;REG;none;0;0;none;regiCarbonPrice;off;off;off;2;off;2;off;2;off;off;off;off;off;off;off;on;on;off;EUR_regi, NEU_regi;-1;off;testOneRegi;ECS;debug;simple;complex;debt_limit;DAC;ConvCase;off;1;0;0;0;EUR_regi, NEU_regi;1.05;1;none;2;on;2005;./config/21_regions_EU11/input_EU11_INNOPATHS_medFE.gdx;./config/21_regions_EU11/input_EU11_INNOPATHS_medFE.gdx;./config/21_regions_EU11/input_EU11_INNOPATHS_medFE.gdx
EU11_ENC;0;load;INNO_FE_med;off;1.2;1;0.15;0;2;0.5;off;off;off;1;0;middle;-3;none;none;5;off;off;off;off;off;off;off;off;off;off;off;off;2020;1;1.5;0;0;0;1;./config/21_regions_EU11/regionmapping_21_EU11.csv;REG;none;0;0;none;regiCarbonPrice;off;off;off;2;off;2;off;2;off;off;off;off;off;off;off;on;on;off;EUR_regi, NEU_regi;-1;off;testOneRegi;ENC;debug;simple;complex;debt_limit;DAC;ConvCase;off;1;0;0;0;EUR_regi, NEU_regi;1.05;1;none;2;on;2005;./config/21_regions_EU11/input_EU11_INNOPATHS_medFE.gdx;./config/21_regions_EU11/input_EU11_INNOPATHS_medFE.gdx;./config/21_regions_EU11/input_EU11_INNOPATHS_medFE.gdx
EU11_ESC;0;load;INNO_FE_med;off;1.2;1;0.15;0;2;0.5;off;off;off;1;0;middle;-3;none;none;5;off;off;off;off;off;off;off;off;off;off;off;off;2020;1;1.5;0;0;0;1;./config/21_regions_EU11/regionmapping_21_EU11.csv;REG;none;0;0;none;regiCarbonPrice;off;off;off;2;off;2;off;2;off;off;off;off;off;off;off;on;on;off;EUR_regi, NEU_regi;-1;off;testOneRegi;ESC;debug;simple;complex;debt_limit;DAC;ConvCase;off;1;0;0;0;EUR_regi, NEU_regi;1.05;1;none;2;on;2005;./config/21_regions_EU11/input_EU11_INNOPATHS_medFE.gdx;./config/21_regions_EU11/input_EU11_INNOPATHS_medFE.gdx;./config/21_regions_EU11/input_EU11_INNOPATHS_medFE.gdx
EU11_ESW;0;load;INNO_FE_med;off;1.2;1;0.15;0;2;0.5;off;off;off;1;0;middle;-3;none;none;5;off;off;off;off;off;off;off;off;off;off;off;off;2020;1;1.5;0;0;0;1;./config/21_regions_EU11/regionmapping_21_EU11.csv;REG;none;0;0;none;regiCarbonPrice;off;off;off;2;off;2;off;2;off;off;off;off;off;off;off;on;on;off;EUR_regi, NEU_regi;-1;off;testOneRegi;ESW;debug;simple;complex;debt_limit;DAC;ConvCase;off;1;0;0;0;EUR_regi, NEU_regi;1.05;1;none;2;on;2005;./config/21_regions_EU11/input_EU11_INNOPATHS_medFE.gdx;./config/21_regions_EU11/input_EU11_INNOPATHS_medFE.gdx;./config/21_regions_EU11/input_EU11_INNOPATHS_medFE.gdx
EU11_EWN;0;load;INNO_FE_med;off;1.2;1;0.15;0;2;0.5;off;off;off;1;0;middle;-3;none;none;5;off;off;off;off;off;off;off;off;off;off;off;off;2020;1;1.5;0;0;0;1;./config/21_regions_EU11/regionmapping_21_EU11.csv;REG;none;0;0;none;regiCarbonPrice;off;off;off;2;off;2;off;2;off;off;off;off;off;off;off;on;on;off;EUR_regi, NEU_regi;-1;off;testOneRegi;EWN;debug;simple;complex;debt_limit;DAC;ConvCase;off;1;0;0;0;EUR_regi, NEU_regi;1.05;1;none;2;on;2005;./config/21_regions_EU11/input_EU11_INNOPATHS_medFE.gdx;./config/21_regions_EU11/input_EU11_INNOPATHS_medFE.gdx;./config/21_regions_EU11/input_EU11_INNOPATHS_medFE.gdx
EU11_FRA;0;load;INNO_FE_med;off;1.2;1;0.15;0;2;0.5;off;off;off;1;0;middle;-3;none;none;5;off;off;off;off;off;off;off;off;off;off;off;off;2020;1;1.5;0;0;0;1;./config/21_regions_EU11/regionmapping_21_EU11.csv;REG;none;0;0;none;regiCarbonPrice;off;off;off;2;off;2;off;2;off;off;off;off;off;off;off;on;on;off;EUR_regi, NEU_regi;-1;off;testOneRegi;FRA;debug;simple;complex;debt_limit;DAC;ConvCase;off;1;0;0;0;EUR_regi, NEU_regi;1.05;1;none;2;on;2005;./config/21_regions_EU11/input_EU11_INNOPATHS_medFE.gdx;./config/21_regions_EU11/input_EU11_INNOPATHS_medFE.gdx;./config/21_regions_EU11/input_EU11_INNOPATHS_medFE.gdx
EU11_UKI;0;load;INNO_FE_med;off;1.2;1;0.15;0;2;0.5;off;off;off;1;0;middle;-3;none;none;5;off;off;off;off;off;off;off;off;off;off;off;off;2020;1;1.5;0;0;0;1;./config/21_regions_EU11/regionmapping_21_EU11.csv;REG;none;0;0;none;regiCarbonPrice;off;off;off;2;off;2;off;2;off;off;off;off;off;off;off;on;on;off;EUR_regi, NEU_regi;-1;off;testOneRegi;UKI;debug;simple;complex;debt_limit;DAC;ConvCase;off;1;0;0;0;EUR_regi, NEU_regi;1.05;1;none;2;on;2005;./config/21_regions_EU11/input_EU11_INNOPATHS_medFE.gdx;./config/21_regions_EU11/input_EU11_INNOPATHS_medFE.gdx;./config/21_regions_EU11/input_EU11_INNOPATHS_medFE.gdx
EU11_NEN;0;load;INNO_FE_med;off;1.2;1;0.15;0;2;0.5;off;off;off;1;0;middle;-3;none;none;5;off;off;off;off;off;off;off;off;off;off;off;off;2020;1;1.5;0;0;0;1;./config/21_regions_EU11/regionmapping_21_EU11.csv;REG;none;0;0;none;regiCarbonPrice;off;off;off;2;off;2;off;2;off;off;off;off;off;off;off;on;on;off;EUR_regi, NEU_regi;-1;off;testOneRegi;NEN;debug;simple;complex;debt_limit;DAC;ConvCase;off;1;0;0;0;EUR_regi, NEU_regi;1.05;1;none;2;on;2005;./config/21_regions_EU11/input_EU11_INNOPATHS_medFE.gdx;./config/21_regions_EU11/input_EU11_INNOPATHS_medFE.gdx;./config/21_regions_EU11/input_EU11_INNOPATHS_medFE.gdx
EU11_NES;0;load;INNO_FE_med;off;1.2;1;0.15;0;2;0.5;off;off;off;1;0;middle;-3;none;none;5;off;off;off;off;off;off;off;off;off;off;off;off;2020;1;1.5;0;0;0;1;./config/21_regions_EU11/regionmapping_21_EU11.csv;REG;none;0;0;none;regiCarbonPrice;off;off;off;2;off;2;off;2;off;off;off;off;off;off;off;on;on;off;EUR_regi, NEU_regi;-1;off;testOneRegi;NES;debug;simple;complex;debt_limit;DAC;ConvCase;off;1;0;0;0;EUR_regi, NEU_regi;1.05;1;none;2;on;2005;./config/21_regions_EU11/input_EU11_INNOPATHS_medFE_highElast.gdx;./config/21_regions_EU11/input_EU11_INNOPATHS_medFE_highElast.gdx;./config/21_regions_EU11/input_EU11_INNOPATHS_medFE_highElast.gdx
test_NEN_eff;0;load;INNO_FE_low;off;1.2;1;0.15;0;2;0.5;efficiency;off;off;1;0;middle;-3;none;none;5;off;off;off;off;off;off;off;off;off;3;off;off;2030;1;1.5;0;0;0;1;./config/21_regions_EU11/regionmapping_21_EU11.csv;REG;none;0;0;none;regiCarbonPrice;off;off;off;2;off;2;off;2;off;off;off;off;off;off;off;on;on;off;EUR_regi, NEU_regi;-1;off;testOneRegi;NEN;debug;simple;complex;debt_limit;DAC;ConvCase;off;0.05;0;0;0;EUR_regi, NEU_regi;1.05;1;none;2;on;2005;./config/21_regions_EU11/input_EU11_INNOPATHS_lowFE.gdx;;
test_CHA_incum;0;load;INNO_FE_med_lowElast;off;1.2;1;0.15;0;2;0.25;incumbents;0.33;0.33;1;0;middle;-3;none;none;5;apCarElT.upper 55 ;off;off;tnrs 1,gasftrec 1,gasftcrec 1,coalftrec 1,coalftcrec 1,apCarH2T 0.25,apCarElT 0.25,apCarDiEffT 0.125,apCarDiEffH2T 0.125,dac 1,ngccc 1,gash2c 1,igccc 1,pcc 1,pco 1,coalh2c 1,bioigccc 1,bioftcrec 1,bioh2c 1;off;tnrs 0.5,gasftrec 0.2,gasftcrec 0.4,coalftrec 0.3,coalftcrec 0.5,spv 0.2,wind 0.2,dac 0.4,apCarH2T 2,apCarElT 0.5,apCarDiEffT 4,apCarDiEffH2T 4;gridspv 2,gridcsp 2,gridwind 2,storspv 0.1,storwind 0.1,storcsp 0.1,ngccc 0.5,gash2c 0.5,igccc 0.5,pcc 0.5,pco 0.5,coalh2c 0.5,bioftcrec 0.5,bioh2c 0.5,bioigccc 0.5;bioigccc 0.66,bioh2c 0.66,biogas 0.66,bioftrec 0.66,bioftcrec 0.66,igccc 0.66,coalh2c 0.66,coalgas 0.66,coalftrec 0.66,coalftcrec 0.66,ngccc 0.66,gash2c 0.66,gasftrec 0.66,gasftcrec 0.66,tnrs 0.66, geohe 2;off;off;spv 0.1,wind 0.3;off;2020;3;2.5;0;0;0;1;./config/21_regions_EU11/regionmapping_21_EU11.csv;REG;none;0;0;none;regiCarbonPrice;off;off;off;2;off;2;off;2;off;off;off;off;off;off;off;on;on;on;EUR_regi, NEU_regi;-1;off;testOneRegi;CHA;debug;simple;complex;debt_limit;DAC;ConvCase;off;0.05;0;0;0;EUR_regi, NEU_regi;1.05;1;none;2;on;2005;./config/21_regions_EU11/input_EU11_INNOPATHS_medFE_lowElast.gdx;;
test_CHA_NewPl;0;load;INNO_FE_med_highElast;off;1.2;1;0.15;0;2;0.5;electric;1.5;1.5;1;0;middle;-3;none;none;5;apCarElT.upper 90,apCarH2T.upper 100,apCarPeT.lower 0;apcarelt 17000,wind 1600,spv 5160,csp 9500;0.66;tnrs 0.0625,csp 1,spv 8,gasftrec 0.0625,gasftcrec 0.0625,coalftrec 0.0625,apCarH2T 4,apCarElT 4,apCarDiEffT 2,apCarDiEffH2T 2;dac 0.0625,ngccc 0.0625,gash2c 0.0625,igccc 0.0625,pcc 0.0625,pco 0.0625,coalftcrec 0.0625,coalh2c 0.0625,bioigccc 0.0625,bioftcrec 0.0625,bioh2c 0.0625;tnrs 2,gasftrec 0.8,gasftcrec 1.6,coalftrec 1.2,spv 0.05,wind 0.05,dac 1.6,apCarH2T 0.25,apCarElT 0.25,apCarDiEffT 0.5,apCarDiEffH2T 0.5;gridspv 0.5,gridcsp 0.5,gridwind 0.5,storspv 0.025,storwind 0.025,storcsp 0.025,ngccc 2,gash2c 2,igccc 2,pcc 2,pco 2,coalftcrec 2,coalh2c 2,bioftcrec 2,bioh2c 2,bioigccc 2;off;1.5;3;off;off;2035;1;1.5;0;0;0;1;./config/21_regions_EU11/regionmapping_21_EU11.csv;REG;none;0;0;none;regiCarbonPrice;off;off;off;2;off;2;off;2;off;off;off;off;off;off;off;on;on;off;EUR_regi, NEU_regi;-1;off;testOneRegi;CHA;debug;simple;complex;debt_limit;DAC;ConvCase;off;0.05;0;0;0;EUR_regi, NEU_regi;1.05;1;none;2;on;2005;./config/21_regions_EU11/input_EU11_INNOPATHS_medFE_highElast.gdx;;
test_NEN_incum;0;load;INNO_FE_med_lowElast;off;1.2;1;0.15;0;2;0.25;incumbents;0.33;0.33;1;0;middle;-3;none;none;5;apCarElT.upper 55 ;off;off;tnrs 1,gasftrec 1,gasftcrec 1,coalftrec 1,coalftcrec 1,apCarH2T 0.25,apCarElT 0.25,apCarDiEffT 0.125,apCarDiEffH2T 0.125,dac 1,ngccc 1,gash2c 1,igccc 1,pcc 1,pco 1,coalh2c 1,bioigccc 1,bioftcrec 1,bioh2c 1;off;tnrs 0.5,gasftrec 0.2,gasftcrec 0.4,coalftrec 0.3,coalftcrec 0.5,spv 0.2,wind 0.2,dac 0.4,apCarH2T 2,apCarElT 0.5,apCarDiEffT 4,apCarDiEffH2T 4;gridspv 2,gridcsp 2,gridwind 2,storspv 0.1,storwind 0.1,storcsp 0.1,ngccc 0.5,gash2c 0.5,igccc 0.5,pcc 0.5,pco 0.5,coalh2c 0.5,bioftcrec 0.5,bioh2c 0.5,bioigccc 0.5;bioigccc 0.66,bioh2c 0.66,biogas 0.66,bioftrec 0.66,bioftcrec 0.66,igccc 0.66,coalh2c 0.66,coalgas 0.66,coalftrec 0.66,coalftcrec 0.66,ngccc 0.66,gash2c 0.66,gasftrec 0.66,gasftcrec 0.66,tnrs 0.66, geohe 2;off;off;spv 0.1,wind 0.3;off;2020;3;2.5;0;0;0;1;./config/21_regions_EU11/regionmapping_21_EU11.csv;REG;none;0;0;none;regiCarbonPrice;off;off;off;2;off;2;off;2;off;off;off;off;off;off;off;on;on;on;EUR_regi, NEU_regi;-1;off;testOneRegi;NEN;debug;simple;complex;debt_limit;DAC;ConvCase;off;0.05;0;0;0;EUR_regi, NEU_regi;1.05;1;none;2;on;2005;./config/21_regions_EU11/input_EU11_INNOPATHS_medFE_lowElast.gdx;;
Eff_Ref_generalEFTarget;0;load;INNO_FE_low;off;1.2;1;0.15;0;2;0.5;efficiency;off;off;1;0;middle;-3;none;none;5;off;off;off;off;off;off;off;off;off;3;off;off;2030;1;1.5;0;0;0;1;./config/21_regions_EU11/regionmapping_21_EU11.csv;REG;none;0;0;none;regiCarbonPrice;off;Fetarget;off;2;off;2;off;2;off;off;off;off;off;off;off;on;on;off;EUR_regi, NEU_regi;-1;off;nash;DEU;parallel;simple;complex;debt_limit;DAC;ConvCase;off;0.05;0;0;0;EUR_regi, NEU_regi;1.05;1;none;2;on;2005;./config/21_regions_EU11/input_EU11_INNOPATHS_lowFE.gdx;;
Eff_Ref_exogTax;0;load;INNO_FE_low;off;1.2;1;0.15;0;2;0.5;efficiency;off;off;1;0;middle;-3;none;none;5;off;off;off;off;off;off;off;off;off;3;off;off;2030;1;1.5;0;0;0;1;./config/21_regions_EU11/regionmapping_21_EU11.csv;REG;none;0;0;none;regiCarbonPrice;off;exoTax;off;2;off;2;off;2;off;off;off;off;off;off;off;on;on;off;EUR_regi, NEU_regi;-1;off;nash;DEU;parallel;simple;complex;debt_limit;DAC;ConvCase;off;0.05;0;0;0;EUR_regi, NEU_regi;1.05;1;none;2;on;2005;./config/21_regions_EU11/input_EU11_INNOPATHS_lowFE.gdx;;
Incumb_1p5_dac_bound_biolim;0;load;INNO_FE_med_lowElast;off;1.7;1;0.15;0;2;0.25;incumbents;0.33;0.33;1;0;middle;-3;none;none;5;apCarElT.upper 55 ;off;off;tnrs 1,gasftrec 1,gasftcrec 1,coalftrec 1,coalftcrec 1,apCarH2T 0.25,apCarElT 0.25,apCarDiEffT 0.125,apCarDiEffH2T 0.125,dac 1,ngccc 1,gash2c 1,igccc 1,pcc 1,pco 1,coalh2c 1,bioigccc 1,bioftcrec 1,bioh2c 1;off;tnrs 0.5,gasftrec 0.2,gasftcrec 0.4,coalftrec 0.3,coalftcrec 0.5,spv 0.2,wind 0.2,dac 0.4,apCarH2T 2,apCarElT 0.5,apCarDiEffT 4,apCarDiEffH2T 4;gridspv 2,gridcsp 2,gridwind 2,storspv 0.1,storwind 0.1,storcsp 0.1,ngccc 0.5,gash2c 0.5,igccc 0.5,pcc 0.5,pco 0.5,coalh2c 0.5,bioftcrec 0.5,bioh2c 0.5,bioigccc 0.7;bioigccc 0.66,bioh2c 0.66,biogas 0.66,bioftrec 0.66,bioftcrec 0.66,igccc 0.66,coalh2c 0.66,coalgas 0.66,coalftrec 0.66,coalftcrec 0.66,ngccc 0.66,gash2c 0.66,gasftrec 0.66,gasftcrec 0.66,tnrs 0.66, geohe 2;off;off;spv 0.1,wind 0.5;off;2020;3;2.5;0;0;0;1;./config/21_regions_EU11/regionmapping_21_EU11.csv;REG;rcp20;5;600;expoLinear;regiCarbonPrice;off;off;2050.EUR_regi.budget.netCO2 43;2;off;2;off;2;off;off;off;off;off;off;off;on;on;on;EUR_regi, NEU_regi;30;off;nash;DEU;debug;simple;complex;debt_limit;DAC;HydrHype;on;0.05;0.2;0.95;0;EUR_regi, NEU_regi;1.05;9;none;2;on;2025;./config/21_regions_EU11/input_EU11_INNOPATHS_medFE_lowElast.gdx;./output/Incumb_Ref_2021-01-08_19.28.52/fulldata.gdx;./output/Incumb_Ref_2021-01-08_19.28.52/fulldata.gdx
test_NES_incum;0;load;INNO_FE_med_lowElast;off;1.7;1;0.15;0;2;0.25;incumbents;0.33;0.33;1;0;middle;-3;none;none;5;apCarElT.upper 55 ;off;off;tnrs 1,gasftrec 1,gasftcrec 1,coalftrec 1,coalftcrec 1,apCarH2T 0.25,apCarElT 0.25,apCarDiEffT 0.125,apCarDiEffH2T 0.125,dac 1,ngccc 1,gash2c 1,igccc 1,pcc 1,pco 1,coalh2c 1,bioigccc 1,bioftcrec 1,bioh2c 1;off;tnrs 0.5,gasftrec 0.2,gasftcrec 0.4,coalftrec 0.3,coalftcrec 0.5,spv 0.2,wind 0.2,dac 0.4,apCarH2T 2,apCarElT 0.5,apCarDiEffT 4,apCarDiEffH2T 4;gridspv 2,gridcsp 2,gridwind 2,storspv 0.1,storwind 0.1,storcsp 0.1,ngccc 0.5,gash2c 0.5,igccc 0.5,pcc 0.5,pco 0.5,coalh2c 0.5,bioftcrec 0.5,bioh2c 0.5,bioigccc 0.5;bioigccc 0.66,bioh2c 0.66,biogas 0.66,bioftrec 0.66,bioftcrec 0.66,igccc 0.66,coalh2c 0.66,coalgas 0.66,coalftrec 0.66,coalftcrec 0.66,ngccc 0.66,gash2c 0.66,gasftrec 0.66,gasftcrec 0.66,tnrs 0.66, geohe 2;off;off;spv 0.1,wind 0.3;off;2020;3;2.5;0;0;0;1;./config/21_regions_EU11/regionmapping_21_EU11.csv;REG;none;0;0;none;regiCarbonPrice;off;off;off;2;off;2;off;2;off;off;off;off;off;off;off;on;on;on;EUR_regi, NEU_regi;-1;off;testOneRegi;NES;debug;simple;complex;debt_limit;DAC;ConvCase;off;0.05;0;0;0;EUR_regi, NEU_regi;1.05;1;none;2;on;2005;./config/21_regions_EU11/input_EU11_INNOPATHS_medFE_lowElast.gdx;;
Incumb_Ref_1p7;0;load;INNO_FE_med_lowElast;off;1.7;1;0.15;0;2;0.25;incumbents;0.33;0.33;1;0;middle;-3;none;none;5;apCarElT.upper 55 ;off;off;tnrs 1,gasftrec 1,gasftcrec 1,coalftrec 1,coalftcrec 1,apCarH2T 0.25,apCarElT 0.25,apCarDiEffT 0.125,apCarDiEffH2T 0.125,dac 1,ngccc 1,gash2c 1,igccc 1,pcc 1,pco 1,coalh2c 1,bioigccc 1,bioftcrec 1,bioh2c 1;off;tnrs 0.5,gasftrec 0.2,gasftcrec 0.4,coalftrec 0.3,coalftcrec 0.5,spv 0.2,wind 0.2,dac 0.4,apCarH2T 2,apCarElT 0.5,apCarDiEffT 4,apCarDiEffH2T 4;gridspv 2,gridcsp 2,gridwind 2,storspv 0.1,storwind 0.1,storcsp 0.1,ngccc 0.5,gash2c 0.5,igccc 0.5,pcc 0.5,pco 0.5,coalh2c 0.5,bioftcrec 0.5,bioh2c 0.5,bioigccc 0.5;bioigccc 0.66,bioh2c 0.66,biogas 0.66,bioftrec 0.66,bioftcrec 0.66,igccc 0.66,coalh2c 0.66,coalgas 0.66,coalftrec 0.66,coalftcrec 0.66,ngccc 0.66,gash2c 0.66,gasftrec 0.66,gasftcrec 0.66,tnrs 0.66, geohe 2;off;off;spv 0.1,wind 0.3;off;2020;3;2.5;0;0;0;1;./config/21_regions_EU11/regionmapping_21_EU11.csv;REG;none;0;0;none;regiCarbonPrice;off;off;off;2;off;2;off;2;off;off;off;off;off;off;off;on;on;on;EUR_regi, NEU_regi;-1;off;nash;DEU;parallel;simple;complex;debt_limit;DAC;ConvCase;off;0.05;0;0;0;EUR_regi, NEU_regi;1.05;1;none;2;on;2005;./config/21_regions_EU11/input_EU11_INNOPATHS_medFE_lowElast.gdx;;
Incumb_Weak_1p7;0;load;INNO_FE_med_lowElast;off;1.7;1;0.15;0;2;0.25;incumbents;0.33;0.33;1;0;middle;-3;none;none;5;apCarElT.upper 55 ;off;off;tnrs 1,gasftrec 1,gasftcrec 1,coalftrec 1,coalftcrec 1,apCarH2T 0.25,apCarElT 0.25,apCarDiEffT 0.125,apCarDiEffH2T 0.125,dac 1,ngccc 1,gash2c 1,igccc 1,pcc 1,pco 1,coalh2c 1,bioigccc 1,bioftcrec 1,bioh2c 1;off;tnrs 0.5,gasftrec 0.2,gasftcrec 0.4,coalftrec 0.3,coalftcrec 0.5,spv 0.2,wind 0.2,dac 0.4,apCarH2T 2,apCarElT 0.5,apCarDiEffT 4,apCarDiEffH2T 4;gridspv 2,gridcsp 2,gridwind 2,storspv 0.1,storwind 0.1,storcsp 0.1,ngccc 0.5,gash2c 0.5,igccc 0.5,pcc 0.5,pco 0.5,coalh2c 0.5,bioftcrec 0.5,bioh2c 0.5,bioigccc 0.5;bioigccc 0.66,bioh2c 0.66,biogas 0.66,bioftrec 0.66,bioftcrec 0.66,igccc 0.66,coalh2c 0.66,coalgas 0.66,coalftrec 0.66,coalftcrec 0.66,ngccc 0.66,gash2c 0.66,gasftrec 0.66,gasftcrec 0.66,tnrs 0.66, geohe 2;off;off;spv 0.1,wind 0.3;off;2020;3;2.5;0;0;0;1;./config/21_regions_EU11/regionmapping_21_EU11.csv;REG;rcp26;5;1300;expoLinear;regiCarbonPrice;off;off;2050.EUR_regi.budget.netCO2 82;2;off;2;off;2;off;off;off;off;off;off;off;on;on;on;EUR_regi, NEU_regi;30;off;nash;DEU;parallel;simple;complex;debt_limit;DAC;HydrHype;on;0.05;0.2;0.95;0;EUR_regi, NEU_regi;1.05;9;none;2;on;2025;./config/21_regions_EU11/input_EU11_INNOPATHS_medFE_lowElast.gdx;Incumb_Ref_1p7;Incumb_Ref_1p7
Incumb_min80_1p7;0;load;INNO_FE_med_lowElast;off;1.7;1;0.15;0;2;0.25;incumbents;0.33;0.33;1;0;middle;-3;none;none;5;apCarElT.upper 55 ;off;off;tnrs 1,gasftrec 1,gasftcrec 1,coalftrec 1,coalftcrec 1,apCarH2T 0.25,apCarElT 0.25,apCarDiEffT 0.125,apCarDiEffH2T 0.125,dac 1,ngccc 1,gash2c 1,igccc 1,pcc 1,pco 1,coalh2c 1,bioigccc 1,bioftcrec 1,bioh2c 1;off;tnrs 0.5,gasftrec 0.2,gasftcrec 0.4,coalftrec 0.3,coalftcrec 0.5,spv 0.2,wind 0.2,dac 0.4,apCarH2T 2,apCarElT 0.5,apCarDiEffT 4,apCarDiEffH2T 4;gridspv 2,gridcsp 2,gridwind 2,storspv 0.1,storwind 0.1,storcsp 0.1,ngccc 0.5,gash2c 0.5,igccc 0.5,pcc 0.5,pco 0.5,coalh2c 0.5,bioftcrec 0.5,bioh2c 0.5,bioigccc 0.6;bioigccc 0.66,bioh2c 0.66,biogas 0.66,bioftrec 0.66,bioftcrec 0.66,igccc 0.66,coalh2c 0.66,coalgas 0.66,coalftrec 0.66,coalftcrec 0.66,ngccc 0.66,gash2c 0.66,gasftrec 0.66,gasftcrec 0.66,tnrs 0.66, geohe 2;off;off;spv 0.1,wind 0.4;off;2020;3;2.5;0;0;0;1;./config/21_regions_EU11/regionmapping_21_EU11.csv;REG;rcp26;5;950;expoLinear;regiCarbonPrice;off;off;2050.EUR_regi.budget.netCO2 57;2;off;2;off;2;off;off;off;off;off;off;off;on;on;on;EUR_regi, NEU_regi;30;off;nash;DEU;parallel;simple;complex;debt_limit;DAC;HydrHype;on;0.05;0.2;0.95;0;EUR_regi, NEU_regi;1.05;9;none;2;on;2025;./config/21_regions_EU11/input_EU11_INNOPATHS_medFE_lowElast.gdx;Incumb_Ref_1p7;Incumb_Ref_1p7
Incumb_1p5_1p7;0;load;INNO_FE_med_lowElast;off;1.7;1;0.15;0;2;0.25;incumbents;0.33;0.33;1;0;middle;-3;none;none;5;apCarElT.upper 55 ;off;off;tnrs 1,gasftrec 1,gasftcrec 1,coalftrec 1,coalftcrec 1,apCarH2T 0.25,apCarElT 0.25,apCarDiEffT 0.125,apCarDiEffH2T 0.125,dac 1,ngccc 1,gash2c 1,igccc 1,pcc 1,pco 1,coalh2c 1,bioigccc 1,bioftcrec 1,bioh2c 1;off;tnrs 0.5,gasftrec 0.2,gasftcrec 0.4,coalftrec 0.3,coalftcrec 0.5,spv 0.2,wind 0.2,dac 0.4,apCarH2T 2,apCarElT 0.5,apCarDiEffT 4,apCarDiEffH2T 4;gridspv 2,gridcsp 2,gridwind 2,storspv 0.1,storwind 0.1,storcsp 0.1,ngccc 0.5,gash2c 0.5,igccc 0.5,pcc 0.5,pco 0.5,coalh2c 0.5,bioftcrec 0.5,bioh2c 0.5,bioigccc 0.7;bioigccc 0.66,bioh2c 0.66,biogas 0.66,bioftrec 0.66,bioftcrec 0.66,igccc 0.66,coalh2c 0.66,coalgas 0.66,coalftrec 0.66,coalftcrec 0.66,ngccc 0.66,gash2c 0.66,gasftrec 0.66,gasftcrec 0.66,tnrs 0.66, geohe 2;off;off;spv 0.1,wind 0.5;off;2020;3;2.5;0;0;0;1;./config/21_regions_EU11/regionmapping_21_EU11.csv;REG;rcp20;5;600;expoLinear;regiCarbonPrice;off;off;2050.EUR_regi.budget.netCO2 43;2;off;2;off;2;off;off;off;off;off;off;off;on;on;on;EUR_regi, NEU_regi;30;off;nash;DEU;parallel;simple;complex;debt_limit;DAC;HydrHype;on;0.05;0.2;0.95;0;EUR_regi, NEU_regi;1.05;9;none;2;on;2025;./config/21_regions_EU11/input_EU11_INNOPATHS_medFE_lowElast.gdx;Incumb_Ref_1p7;Incumb_Ref_1p7
Incumb_Ref_1p7_UKI;0;load;INNO_FE_med_lowElast;off;1.7;1;0.15;0;2;0.25;incumbents;0.33;0.33;1;0;middle;-3;none;none;5;apCarElT.upper 55 ;off;off;tnrs 1,gasftrec 1,gasftcrec 1,coalftrec 1,coalftcrec 1,apCarH2T 0.25,apCarElT 0.25,apCarDiEffT 0.125,apCarDiEffH2T 0.125,dac 1,ngccc 1,gash2c 1,igccc 1,pcc 1,pco 1,coalh2c 1,bioigccc 1,bioftcrec 1,bioh2c 1;off;tnrs 0.5,gasftrec 0.2,gasftcrec 0.4,coalftrec 0.3,coalftcrec 0.5,spv 0.2,wind 0.2,dac 0.4,apCarH2T 2,apCarElT 0.5,apCarDiEffT 4,apCarDiEffH2T 4;gridspv 2,gridcsp 2,gridwind 2,storspv 0.1,storwind 0.1,storcsp 0.1,ngccc 0.5,gash2c 0.5,igccc 0.5,pcc 0.5,pco 0.5,coalh2c 0.5,bioftcrec 0.5,bioh2c 0.5,bioigccc 0.5;bioigccc 0.66,bioh2c 0.66,biogas 0.66,bioftrec 0.66,bioftcrec 0.66,igccc 0.66,coalh2c 0.66,coalgas 0.66,coalftrec 0.66,coalftcrec 0.66,ngccc 0.66,gash2c 0.66,gasftrec 0.66,gasftcrec 0.66,tnrs 0.66, geohe 2;off;off;spv 0.1,wind 0.3;off;2020;3;2.5;0;0;0;1;./config/21_regions_EU11/regionmapping_21_EU11.csv;REG;none;0;0;none;regiCarbonPrice;off;off;off;2;off;2;off;2;off;off;off;off;off;off;off;on;on;on;EUR_regi, NEU_regi;-1;off;testOneRegi;UKI;debug;simple;complex;debt_limit;DAC;ConvCase;off;0.05;0;0;0;EUR_regi, NEU_regi;1.05;1;none;2;on;2005;./config/21_regions_EU11/input_EU11_INNOPATHS_medFE_lowElast.gdx;;
